ticker,cik,metric,status,sec_form,sec_accession,sec_filing_date,sec_period_end,sec_fiscal_year,sec_concept,sec_value,sec_unit,finnhub_period_end,finnhub_fiscal_year,db_fact_id,db_fiscal_year,db_accession,db_source_concept,db_value,db_unit,db_candidate_count,value_match,unit_match,concept_match,fiscal_year_match,accession_match,period_match,relative_error
ADI,0000006281,revenue,PASS,10-K,0000006281-25-000153,2025-11-25,2025-11-01,2025,RevenueFromContractWithCustomerExcludingAssessedTax,11019707000,USD,2025-11-01,2025,2459,2025,0000006281-25-000153,us-gaap_RevenueFromContractWithCustomerExcludingAssessedTax,11019707000.00000000,usd,1,True,True,True,True,True,True,0E-8
ADI,0000006281,net_income,PASS,10-K,0000006281-25-000153,2025-11-25,2025-11-01,2025,NetIncomeLoss,2267342000,USD,2025-11-01,2025,2464,2025,0000006281-25-000153,us-gaap_NetIncomeLoss,2267342000.00000000,usd,1,True,True,True,True,True,True,0E-8
ADI,0000006281,total_assets,PASS,10-K,0000006281-25-000153,2025-11-25,2025-11-01,2025,Assets,47992712000,USD,2025-11-01,2025,2468,2025,0000006281-25-000153,us-gaap_Assets,47992712000.00000000,usd,1,True,True,True,True,True,True,0E-8
ADI,0000006281,current_assets,PASS,10-K,0000006281-25-000153,2025-11-25,2025-11-01,2025,AssetsCurrent,7108061000,USD,2025-11-01,2025,2467,2025,0000006281-25-000153,us-gaap_AssetsCurrent,7108061000.00000000,usd,1,True,True,True,True,True,True,0E-8
ADI,0000006281,operating_cash_flow,PASS,10-K,0000006281-25-000153,2025-11-25,2025-11-01,2025,NetCashProvidedByUsedInOperatingActivities,4812202000,USD,2025-11-01,2025,2471,2025,0000006281-25-000153,us-gaap_NetCashProvidedByUsedInOperatingActivities,4812202000.00000000,usd,1,True,True,True,True,True,True,0E-8
ADI,0000006281,revenue,PASS,10-K,0000006281-24-000204,2024-11-26,2024-11-02,2024,RevenueFromContractWithCustomerExcludingAssessedTax,9427157000,USD,2024-11-02,2024,2473,2024,0000006281-24-000204,us-gaap_RevenueFromContractWithCustomerExcludingAssessedTax,9427157000.00000000,usd,1,True,True,True,True,True,True,0E-8
ADI,0000006281,net_income,PASS,10-K,0000006281-24-000204,2024-11-26,2024-11-02,2024,NetIncomeLoss,1635273000,USD,2024-11-02,2024,2478,2024,0000006281-24-000204,us-gaap_NetIncomeLoss,1635273000.00000000,usd,1,True,True,True,True,True,True,0E-8
ADI,0000006281,total_assets,PASS,10-K,0000006281-24-000204,2024-11-26,2024-11-02,2024,Assets,48228277000,USD,2024-11-02,2024,2482,2024,0000006281-24-000204,us-gaap_Assets,48228277000.00000000,usd,1,True,True,True,True,True,True,0E-8
ADI,0000006281,current_assets,PASS,10-K,0000006281-24-000204,2024-11-26,2024-11-02,2024,AssetsCurrent,5484654000,USD,2024-11-02,2024,2481,2024,0000006281-24-000204,us-gaap_AssetsCurrent,5484654000.00000000,usd,1,True,True,True,True,True,True,0E-8
ADI,0000006281,operating_cash_flow,PASS,10-K,0000006281-24-000204,2024-11-26,2024-11-02,2024,NetCashProvidedByUsedInOperatingActivities,3852529000,USD,2024-11-02,2024,2485,2024,0000006281-24-000204,us-gaap_NetCashProvidedByUsedInOperatingActivities,3852529000.00000000,usd,1,True,True,True,True,True,True,0E-8
ADI,0000006281,revenue,PASS,10-K,0000006281-23-000203,2023-11-21,2023-10-28,2023,RevenueFromContractWithCustomerExcludingAssessedTax,12305539000,USD,2023-10-28,2023,2487,2023,0000006281-23-000203,us-gaap_RevenueFromContractWithCustomerExcludingAssessedTax,12305539000.00000000,usd,1,True,True,True,True,True,True,0E-8
ADI,0000006281,net_income,PASS,10-K,0000006281-23-000203,2023-11-21,2023-10-28,2023,NetIncomeLoss,3314579000,USD,2023-10-28,2023,2492,2023,0000006281-23-000203,us-gaap_NetIncomeLoss,3314579000.00000000,usd,1,True,True,True,True,True,True,0E-8
ADI,0000006281,total_assets,PASS,10-K,0000006281-23-000203,2023-11-21,2023-10-28,2023,Assets,48794478000,USD,2023-10-28,2023,2496,2023,0000006281-23-000203,us-gaap_Assets,48794478000.00000000,usd,1,True,True,True,True,True,True,0E-8
ADI,0000006281,current_assets,PASS,10-K,0000006281-23-000203,2023-11-21,2023-10-28,2023,AssetsCurrent,4384022000,USD,2023-10-28,2023,2495,2023,0000006281-23-000203,us-gaap_AssetsCurrent,4384022000.00000000,usd,1,True,True,True,True,True,True,0E-8
ADI,0000006281,operating_cash_flow,PASS,10-K,0000006281-23-000203,2023-11-21,2023-10-28,2023,NetCashProvidedByUsedInOperatingActivities,4817634000,USD,2023-10-28,2023,2499,2023,0000006281-23-000203,us-gaap_NetCashProvidedByUsedInOperatingActivities,4817634000.00000000,usd,1,True,True,True,True,True,True,0E-8
ALAB,0001736297,revenue,PASS,10-K,0001736297-26-000010,2026-02-20,2025-12-31,2025,RevenueFromContractWithCustomerExcludingAssessedTax,852525000,USD,2025-12-31,2025,2613,2025,0001736297-26-000010,us-gaap_RevenueFromContractWithCustomerExcludingAssessedTax,852525000.00000000,usd,1,True,True,True,True,True,True,0E-8
ALAB,0001736297,net_income,PASS,10-K,0001736297-26-000010,2026-02-20,2025-12-31,2025,NetIncomeLoss,219134000,USD,2025-12-31,2025,2618,2025,0001736297-26-000010,us-gaap_NetIncomeLoss,219134000.00000000,usd,1,True,True,True,True,True,True,0E-8
ALAB,0001736297,total_assets,PASS,10-K,0001736297-26-000010,2026-02-20,2025-12-31,2025,Assets,1531823000,USD,2025-12-31,2025,2622,2025,0001736297-26-000010,us-gaap_Assets,1531823000.00000000,usd,1,True,True,True,True,True,True,0E-8
ALAB,0001736297,current_assets,PASS,10-K,0001736297-26-000010,2026-02-20,2025-12-31,2025,AssetsCurrent,1362030000,USD,2025-12-31,2025,2621,2025,0001736297-26-000010,us-gaap_AssetsCurrent,1362030000.00000000,usd,1,True,True,True,True,True,True,0E-8
ALAB,0001736297,operating_cash_flow,PASS,10-K,0001736297-26-000010,2026-02-20,2025-12-31,2025,NetCashProvidedByUsedInOperatingActivities,319306000,USD,2025-12-31,2025,2626,2025,0001736297-26-000010,us-gaap_NetCashProvidedByUsedInOperatingActivities,319306000.00000000,usd,1,True,True,True,True,True,True,0E-8
ALAB,0001736297,revenue,PASS,10-K,0001736297-25-000003,2025-02-14,2024-12-31,2024,RevenueFromContractWithCustomerExcludingAssessedTax,396290000,USD,2024-12-31,2024,2628,2024,0001736297-25-000003,us-gaap_RevenueFromContractWithCustomerExcludingAssessedTax,396290000.00000000,usd,1,True,True,True,True,True,True,0E-8
ALAB,0001736297,net_income,PASS,10-K,0001736297-25-000003,2025-02-14,2024-12-31,2024,NetIncomeLoss,-83421000,USD,2024-12-31,2024,2633,2024,0001736297-25-000003,us-gaap_NetIncomeLoss,-83421000.00000000,usd,1,True,True,True,True,True,True,0E-8
ALAB,0001736297,total_assets,PASS,10-K,0001736297-25-000003,2025-02-14,2024-12-31,2024,Assets,1054508000,USD,2024-12-31,2024,2637,2024,0001736297-25-000003,us-gaap_Assets,1054508000.00000000,usd,1,True,True,True,True,True,True,0E-8
ALAB,0001736297,current_assets,PASS,10-K,0001736297-25-000003,2025-02-14,2024-12-31,2024,AssetsCurrent,1012979000,USD,2024-12-31,2024,2636,2024,0001736297-25-000003,us-gaap_AssetsCurrent,1012979000.00000000,usd,1,True,True,True,True,True,True,0E-8
ALAB,0001736297,operating_cash_flow,PASS,10-K,0001736297-25-000003,2025-02-14,2024-12-31,2024,NetCashProvidedByUsedInOperatingActivities,136676000,USD,2024-12-31,2024,2641,2024,0001736297-25-000003,us-gaap_NetCashProvidedByUsedInOperatingActivities,136676000.00000000,usd,1,True,True,True,True,True,True,0E-8
AMAT,0000006951,revenue,PASS,10-K,0001628280-25-056742,2025-12-12,2025-10-26,2025,RevenueFromContractWithCustomerExcludingAssessedTax,28368000000,USD,2025-10-26,2025,155,2025,0001628280-25-056742,us-gaap_RevenueFromContractWithCustomerExcludingAssessedTax,28368000000.00000000,usd,1,True,True,True,True,True,True,0E-8
AMAT,0000006951,net_income,PASS,10-K,0001628280-25-056742,2025-12-12,2025-10-26,2025,NetIncomeLoss,6998000000,USD,2025-10-26,2025,160,2025,0001628280-25-056742,us-gaap_NetIncomeLoss,6998000000.00000000,usd,1,True,True,True,True,True,True,0E-8
AMAT,0000006951,total_assets,PASS,10-K,0001628280-25-056742,2025-12-12,2025-10-26,2025,Assets,36299000000,USD,2025-10-26,2025,164,2025,0001628280-25-056742,us-gaap_Assets,36299000000.00000000,usd,1,True,True,True,True,True,True,0E-8
AMAT,0000006951,current_assets,PASS,10-K,0001628280-25-056742,2025-12-12,2025-10-26,2025,AssetsCurrent,20881000000,USD,2025-10-26,2025,163,2025,0001628280-25-056742,us-gaap_AssetsCurrent,20881000000.00000000,usd,1,True,True,True,True,True,True,0E-8
AMAT,0000006951,operating_cash_flow,PASS,10-K,0001628280-25-056742,2025-12-12,2025-10-26,2025,NetCashProvidedByUsedInOperatingActivities,7958000000,USD,2025-10-26,2025,168,2025,0001628280-25-056742,us-gaap_NetCashProvidedByUsedInOperatingActivities,7958000000.00000000,usd,1,True,True,True,True,True,True,0E-8
AMAT,0000006951,revenue,PASS,10-K,0000006951-24-000044,2024-12-13,2024-10-27,2024,RevenueFromContractWithCustomerExcludingAssessedTax,27176000000,USD,2024-10-27,2024,170,2024,0000006951-24-000044,us-gaap_RevenueFromContractWithCustomerExcludingAssessedTax,27176000000.00000000,usd,1,True,True,True,True,True,True,0E-8
AMAT,0000006951,net_income,PASS,10-K,0000006951-24-000044,2024-12-13,2024-10-27,2024,NetIncomeLoss,7177000000,USD,2024-10-27,2024,175,2024,0000006951-24-000044,us-gaap_NetIncomeLoss,7177000000.00000000,usd,1,True,True,True,True,True,True,0E-8
AMAT,0000006951,total_assets,PASS,10-K,0000006951-24-000044,2024-12-13,2024-10-27,2024,Assets,34409000000,USD,2024-10-27,2024,179,2024,0000006951-24-000044,us-gaap_Assets,34409000000.00000000,usd,1,True,True,True,True,True,True,0E-8
AMAT,0000006951,current_assets,PASS,10-K,0000006951-24-000044,2024-12-13,2024-10-27,2024,AssetsCurrent,21220000000,USD,2024-10-27,2024,178,2024,0000006951-24-000044,us-gaap_AssetsCurrent,21220000000.00000000,usd,1,True,True,True,True,True,True,0E-8
AMAT,0000006951,operating_cash_flow,PASS,10-K,0000006951-24-000044,2024-12-13,2024-10-27,2024,NetCashProvidedByUsedInOperatingActivities,8677000000,USD,2024-10-27,2024,183,2024,0000006951-24-000044,us-gaap_NetCashProvidedByUsedInOperatingActivities,8677000000.00000000,usd,1,True,True,True,True,True,True,0E-8
AMAT,0000006951,revenue,PASS,10-K,0000006951-23-000041,2023-12-15,2023-10-29,2023,RevenueFromContractWithCustomerExcludingAssessedTax,26517000000,USD,2023-10-29,2023,185,2023,0000006951-23-000041,us-gaap_RevenueFromContractWithCustomerExcludingAssessedTax,26517000000.00000000,usd,1,True,True,True,True,True,True,0E-8
AMAT,0000006951,net_income,PASS,10-K,0000006951-23-000041,2023-12-15,2023-10-29,2023,NetIncomeLoss,6856000000,USD,2023-10-29,2023,190,2023,0000006951-23-000041,us-gaap_NetIncomeLoss,6856000000.00000000,usd,1,True,True,True,True,True,True,0E-8
AMAT,0000006951,total_assets,PASS,10-K,0000006951-23-000041,2023-12-15,2023-10-29,2023,Assets,30729000000,USD,2023-10-29,2023,194,2023,0000006951-23-000041,us-gaap_Assets,30729000000.00000000,usd,1,True,True,True,True,True,True,0E-8
AMAT,0000006951,current_assets,PASS,10-K,0000006951-23-000041,2023-12-15,2023-10-29,2023,AssetsCurrent,19147000000,USD,2023-10-29,2023,193,2023,0000006951-23-000041,us-gaap_AssetsCurrent,19147000000.00000000,usd,1,True,True,True,True,True,True,0E-8
AMAT,0000006951,operating_cash_flow,PASS,10-K,0000006951-23-000041,2023-12-15,2023-10-29,2023,NetCashProvidedByUsedInOperatingActivities,8700000000,USD,2023-10-29,2023,198,2023,0000006951-23-000041,us-gaap_NetCashProvidedByUsedInOperatingActivities,8700000000.00000000,usd,1,True,True,True,True,True,True,0E-8
AMD,0000002488,revenue,PASS,10-K,0000002488-26-000018,2026-02-04,2025-12-27,2025,RevenueFromContractWithCustomerExcludingAssessedTax,34639000000,USD,2025-12-27,2025,320,2025,0000002488-26-000018,us-gaap_RevenueFromContractWithCustomerExcludingAssessedTax,34639000000.00000000,usd,1,True,True,True,True,True,True,0E-8
AMD,0000002488,net_income,PASS,10-K,0000002488-26-000018,2026-02-04,2025-12-27,2025,NetIncomeLoss,4335000000,USD,2025-12-27,2025,325,2025,0000002488-26-000018,us-gaap_NetIncomeLoss,4335000000.00000000,usd,1,True,True,True,True,True,True,0E-8
AMD,0000002488,total_assets,PASS,10-K,0000002488-26-000018,2026-02-04,2025-12-27,2025,Assets,76926000000,USD,2025-12-27,2025,329,2025,0000002488-26-000018,us-gaap_Assets,76926000000.00000000,usd,1,True,True,True,True,True,True,0E-8
AMD,0000002488,current_assets,PASS,10-K,0000002488-26-000018,2026-02-04,2025-12-27,2025,AssetsCurrent,26947000000,USD,2025-12-27,2025,328,2025,0000002488-26-000018,us-gaap_AssetsCurrent,26947000000.00000000,usd,1,True,True,True,True,True,True,0E-8
AMD,0000002488,operating_cash_flow,PASS,10-K,0000002488-26-000018,2026-02-04,2025-12-27,2025,NetCashProvidedByUsedInOperatingActivities,7709000000,USD,2025-12-27,2025,332,2025,0000002488-26-000018,us-gaap_NetCashProvidedByUsedInOperatingActivities,7709000000.00000000,usd,1,True,True,True,True,True,True,0E-8
AMD,0000002488,revenue,PASS,10-K,0000002488-25-000012,2025-02-05,2024-12-28,2024,RevenueFromContractWithCustomerExcludingAssessedTax,25785000000,USD,2024-12-28,2024,334,2024,0000002488-25-000012,us-gaap_RevenueFromContractWithCustomerExcludingAssessedTax,25785000000.00000000,usd,1,True,True,True,True,True,True,0E-8
AMD,0000002488,net_income,PASS,10-K,0000002488-25-000012,2025-02-05,2024-12-28,2024,NetIncomeLoss,1641000000,USD,2024-12-28,2024,339,2024,0000002488-25-000012,us-gaap_NetIncomeLoss,1641000000.00000000,usd,1,True,True,True,True,True,True,0E-8
AMD,0000002488,total_assets,PASS,10-K,0000002488-25-000012,2025-02-05,2024-12-28,2024,Assets,69226000000,USD,2024-12-28,2024,343,2024,0000002488-25-000012,us-gaap_Assets,69226000000.00000000,usd,1,True,True,True,True,True,True,0E-8
AMD,0000002488,current_assets,PASS,10-K,0000002488-25-000012,2025-02-05,2024-12-28,2024,AssetsCurrent,19049000000,USD,2024-12-28,2024,342,2024,0000002488-25-000012,us-gaap_AssetsCurrent,19049000000.00000000,usd,1,True,True,True,True,True,True,0E-8
AMD,0000002488,operating_cash_flow,PASS,10-K,0000002488-25-000012,2025-02-05,2024-12-28,2024,NetCashProvidedByUsedInOperatingActivities,3041000000,USD,2024-12-28,2024,346,2024,0000002488-25-000012,us-gaap_NetCashProvidedByUsedInOperatingActivities,3041000000.00000000,usd,1,True,True,True,True,True,True,0E-8
AMD,0000002488,revenue,PASS,10-K,0000002488-24-000012,2024-01-31,2023-12-30,2023,RevenueFromContractWithCustomerExcludingAssessedTax,22680000000,USD,2023-12-30,2023,348,2023,0000002488-24-000012,us-gaap_RevenueFromContractWithCustomerExcludingAssessedTax,22680000000.00000000,usd,1,True,True,True,True,True,True,0E-8
AMD,0000002488,net_income,PASS,10-K,0000002488-24-000012,2024-01-31,2023-12-30,2023,NetIncomeLoss,854000000,USD,2023-12-30,2023,353,2023,0000002488-24-000012,us-gaap_NetIncomeLoss,854000000.00000000,usd,1,True,True,True,True,True,True,0E-8
AMD,0000002488,total_assets,PASS,10-K,0000002488-24-000012,2024-01-31,2023-12-30,2023,Assets,67885000000,USD,2023-12-30,2023,357,2023,0000002488-24-000012,us-gaap_Assets,67885000000.00000000,usd,1,True,True,True,True,True,True,0E-8
AMD,0000002488,current_assets,PASS,10-K,0000002488-24-000012,2024-01-31,2023-12-30,2023,AssetsCurrent,16768000000,USD,2023-12-30,2023,356,2023,0000002488-24-000012,us-gaap_AssetsCurrent,16768000000.00000000,usd,1,True,True,True,True,True,True,0E-8
AMD,0000002488,operating_cash_flow,PASS,10-K,0000002488-24-000012,2024-01-31,2023-12-30,2023,NetCashProvidedByUsedInOperatingActivities,1667000000,USD,2023-12-30,2023,360,2023,0000002488-24-000012,us-gaap_NetCashProvidedByUsedInOperatingActivities,1667000000.00000000,usd,1,True,True,True,True,True,True,0E-8
AVGO,0001730168,revenue,PASS,10-K,0001730168-25-000121,2025-12-18,2025-11-02,2025,RevenueFromContractWithCustomerExcludingAssessedTax,63887000000,USD,2025-11-02,2025,639,2025,0001730168-25-000121,us-gaap_RevenueFromContractWithCustomerExcludingAssessedTax,63887000000.00000000,usd,1,True,True,True,True,True,True,0E-8
AVGO,0001730168,net_income,MISSING_IN_DB,10-K,0001730168-25-000121,2025-12-18,2025-11-02,2025,ProfitLoss,23126000000,USD,2025-11-02,2025,,,,,,,0,False,False,False,False,False,True,
AVGO,0001730168,total_assets,PASS,10-K,0001730168-25-000121,2025-12-18,2025-11-02,2025,Assets,171092000000,USD,2025-11-02,2025,647,2025,0001730168-25-000121,us-gaap_Assets,171092000000.00000000,usd,1,True,True,True,True,True,True,0E-8
AVGO,0001730168,current_assets,PASS,10-K,0001730168-25-000121,2025-12-18,2025-11-02,2025,AssetsCurrent,31573000000,USD,2025-11-02,2025,646,2025,0001730168-25-000121,us-gaap_AssetsCurrent,31573000000.00000000,usd,1,True,True,True,True,True,True,0E-8
AVGO,0001730168,operating_cash_flow,PASS,10-K,0001730168-25-000121,2025-12-18,2025-11-02,2025,NetCashProvidedByUsedInOperatingActivities,27537000000,USD,2025-11-02,2025,651,2025,0001730168-25-000121,us-gaap_NetCashProvidedByUsedInOperatingActivities,27537000000.00000000,usd,1,True,True,True,True,True,True,0E-8
AVGO,0001730168,revenue,PASS,10-K,0001730168-24-000139,2024-12-20,2024-11-03,2024,RevenueFromContractWithCustomerExcludingAssessedTax,51574000000,USD,2024-11-03,2024,653,2024,0001730168-24-000139,us-gaap_RevenueFromContractWithCustomerExcludingAssessedTax,51574000000.00000000,usd,1,True,True,True,True,True,True,0E-8
AVGO,0001730168,net_income,MISSING_IN_DB,10-K,0001730168-24-000139,2024-12-20,2024-11-03,2024,NetIncomeLoss,5895000000,USD,2024-11-03,2024,,,,,,,0,False,False,False,False,False,True,
AVGO,0001730168,total_assets,PASS,10-K,0001730168-24-000139,2024-12-20,2024-11-03,2024,Assets,165645000000,USD,2024-11-03,2024,661,2024,0001730168-24-000139,us-gaap_Assets,165645000000.00000000,usd,1,True,True,True,True,True,True,0E-8
AVGO,0001730168,current_assets,PASS,10-K,0001730168-24-000139,2024-12-20,2024-11-03,2024,AssetsCurrent,19595000000,USD,2024-11-03,2024,660,2024,0001730168-24-000139,us-gaap_AssetsCurrent,19595000000.00000000,usd,1,True,True,True,True,True,True,0E-8
AVGO,0001730168,operating_cash_flow,PASS,10-K,0001730168-24-000139,2024-12-20,2024-11-03,2024,NetCashProvidedByUsedInOperatingActivities,19962000000,USD,2024-11-03,2024,665,2024,0001730168-24-000139,us-gaap_NetCashProvidedByUsedInOperatingActivities,19962000000.00000000,usd,1,True,True,True,True,True,True,0E-8
AVGO,0001730168,revenue,PASS,10-K,0001730168-23-000096,2023-12-14,2023-10-29,2023,RevenueFromContractWithCustomerExcludingAssessedTax,35819000000,USD,2023-10-29,2023,667,2023,0001730168-23-000096,us-gaap_RevenueFromContractWithCustomerExcludingAssessedTax,35819000000.00000000,usd,1,True,True,True,True,True,True,0E-8
AVGO,0001730168,net_income,MISSING_IN_DB,10-K,0001730168-23-000096,2023-12-14,2023-10-29,2023,ProfitLoss,14082000000,USD,2023-10-29,2023,,,,,,,0,False,False,False,False,False,True,
AVGO,0001730168,total_assets,PASS,10-K,0001730168-23-000096,2023-12-14,2023-10-29,2023,Assets,72861000000,USD,2023-10-29,2023,675,2023,0001730168-23-000096,us-gaap_Assets,72861000000.00000000,usd,1,True,True,True,True,True,True,0E-8
AVGO,0001730168,current_assets,PASS,10-K,0001730168-23-000096,2023-12-14,2023-10-29,2023,AssetsCurrent,20847000000,USD,2023-10-29,2023,674,2023,0001730168-23-000096,us-gaap_AssetsCurrent,20847000000.00000000,usd,1,True,True,True,True,True,True,0E-8
AVGO,0001730168,operating_cash_flow,PASS,10-K,0001730168-23-000096,2023-12-14,2023-10-29,2023,NetCashProvidedByUsedInOperatingActivities,18085000000,USD,2023-10-29,2023,679,2023,0001730168-23-000096,us-gaap_NetCashProvidedByUsedInOperatingActivities,18085000000.00000000,usd,1,True,True,True,True,True,True,0E-8
COHR,0000820318,revenue,PASS,10-K,0000820318-25-000014,2025-08-15,2025-06-30,2025,RevenueFromContractWithCustomerExcludingAssessedTax,5810115000,USD,2025-06-30,2025,793,2025,0000820318-25-000014,us-gaap_RevenueFromContractWithCustomerExcludingAssessedTax,5810115000.00000000,usd,1,True,True,True,True,True,True,0E-8
COHR,0000820318,net_income,PASS,10-K,0000820318-25-000014,2025-08-15,2025-06-30,2025,NetIncomeLoss,49364000,USD,2025-06-30,2025,796,2025,0000820318-25-000014,us-gaap_NetIncomeLoss,49364000.00000000,usd,1,True,True,True,True,True,True,0E-8
COHR,0000820318,total_assets,PASS,10-K,0000820318-25-000014,2025-08-15,2025-06-30,2025,Assets,14910936000,USD,2025-06-30,2025,800,2025,0000820318-25-000014,us-gaap_Assets,14910936000.00000000,usd,1,True,True,True,True,True,True,0E-8
COHR,0000820318,current_assets,PASS,10-K,0000820318-25-000014,2025-08-15,2025-06-30,2025,AssetsCurrent,3927154000,USD,2025-06-30,2025,799,2025,0000820318-25-000014,us-gaap_AssetsCurrent,3927154000.00000000,usd,1,True,True,True,True,True,True,0E-8
COHR,0000820318,operating_cash_flow,PASS,10-K,0000820318-25-000014,2025-08-15,2025-06-30,2025,NetCashProvidedByUsedInOperatingActivities,633600000,USD,2025-06-30,2025,804,2025,0000820318-25-000014,us-gaap_NetCashProvidedByUsedInOperatingActivities,633600000.00000000,usd,1,True,True,True,True,True,True,0E-8
COHR,0000820318,revenue,PASS,10-K,0000820318-24-000016,2024-08-16,2024-06-30,2024,RevenueFromContractWithCustomerExcludingAssessedTax,4707688000,USD,2024-06-30,2024,806,2024,0000820318-24-000016,us-gaap_RevenueFromContractWithCustomerExcludingAssessedTax,4707688000.00000000,usd,1,True,True,True,True,True,True,0E-8
COHR,0000820318,net_income,PASS,10-K,0000820318-24-000016,2024-08-16,2024-06-30,2024,NetIncomeLoss,-156154000,USD,2024-06-30,2024,809,2024,0000820318-24-000016,us-gaap_NetIncomeLoss,-156154000.00000000,usd,1,True,True,True,True,True,True,0E-8
COHR,0000820318,total_assets,PASS,10-K,0000820318-24-000016,2024-08-16,2024-06-30,2024,Assets,14488634000,USD,2024-06-30,2024,813,2024,0000820318-24-000016,us-gaap_Assets,14488634000.00000000,usd,1,True,True,True,True,True,True,0E-8
COHR,0000820318,current_assets,PASS,10-K,0000820318-24-000016,2024-08-16,2024-06-30,2024,AssetsCurrent,3660099000,USD,2024-06-30,2024,812,2024,0000820318-24-000016,us-gaap_AssetsCurrent,3660099000.00000000,usd,1,True,True,True,True,True,True,0E-8
COHR,0000820318,operating_cash_flow,PASS,10-K,0000820318-24-000016,2024-08-16,2024-06-30,2024,NetCashProvidedByUsedInOperatingActivities,545731000,USD,2024-06-30,2024,817,2024,0000820318-24-000016,us-gaap_NetCashProvidedByUsedInOperatingActivities,545731000.00000000,usd,1,True,True,True,True,True,True,0E-8
COHR,0000820318,revenue,PASS,10-K,0000820318-23-000016,2023-08-18,2023-06-30,2023,RevenueFromContractWithCustomerExcludingAssessedTax,5160100000,USD,2023-06-30,2023,819,2023,0000820318-23-000016,us-gaap_RevenueFromContractWithCustomerExcludingAssessedTax,5160100000.00000000,usd,1,True,True,True,True,True,True,0E-8
COHR,0000820318,net_income,PASS,10-K,0000820318-23-000016,2023-08-18,2023-06-30,2023,NetIncomeLoss,-259458000,USD,2023-06-30,2023,823,2023,0000820318-23-000016,us-gaap_NetIncomeLoss,-259458000.00000000,usd,1,True,True,True,True,True,True,0E-8
COHR,0000820318,total_assets,PASS,10-K,0000820318-23-000016,2023-08-18,2023-06-30,2023,Assets,13711133000,USD,2023-06-30,2023,825,2023,0000820318-23-000016,us-gaap_Assets,13711133000.00000000,usd,1,True,True,True,True,True,True,0E-8
COHR,0000820318,current_assets,PASS,10-K,0000820318-23-000016,2023-08-18,2023-06-30,2023,AssetsCurrent,3251998000,USD,2023-06-30,2023,824,2023,0000820318-23-000016,us-gaap_AssetsCurrent,3251998000.00000000,usd,1,True,True,True,True,True,True,0E-8
COHR,0000820318,operating_cash_flow,PASS,10-K,0000820318-23-000016,2023-08-18,2023-06-30,2023,NetCashProvidedByUsedInOperatingActivities,634025000,USD,2023-06-30,2023,829,2023,0000820318-23-000016,us-gaap_NetCashProvidedByUsedInOperatingActivities,634025000.00000000,usd,1,True,True,True,True,True,True,0E-8
CRDO,0001807794,revenue,PASS,10-K,0001628280-26-043303,2026-06-15,2026-05-02,2026,RevenueFromContractWithCustomerExcludingAssessedTax,1335116000,USD,2026-05-02,2026,3333,2026,0001628280-26-043303,us-gaap_RevenueFromContractWithCustomerExcludingAssessedTax,1335116000.00000000,usd,1,True,True,True,True,True,True,0E-8
CRDO,0001807794,net_income,PASS,10-K,0001628280-26-043303,2026-06-15,2026-05-02,2026,NetIncomeLoss,472279000,USD,2026-05-02,2026,3338,2026,0001628280-26-043303,us-gaap_NetIncomeLoss,472279000.00000000,usd,1,True,True,True,True,True,True,0E-8
CRDO,0001807794,total_assets,PASS,10-K,0001628280-26-043303,2026-06-15,2026-05-02,2026,Assets,2295619000,USD,2026-05-02,2026,3342,2026,0001628280-26-043303,us-gaap_Assets,2295619000.00000000,usd,1,True,True,True,True,True,True,0E-8
CRDO,0001807794,current_assets,PASS,10-K,0001628280-26-043303,2026-06-15,2026-05-02,2026,AssetsCurrent,2001070000,USD,2026-05-02,2026,3341,2026,0001628280-26-043303,us-gaap_AssetsCurrent,2001070000.00000000,usd,1,True,True,True,True,True,True,0E-8
CRDO,0001807794,operating_cash_flow,PASS,10-K,0001628280-26-043303,2026-06-15,2026-05-02,2026,NetCashProvidedByUsedInOperatingActivities,464292000,USD,2026-05-02,2026,3346,2026,0001628280-26-043303,us-gaap_NetCashProvidedByUsedInOperatingActivities,464292000.00000000,usd,1,True,True,True,True,True,True,0E-8
CRDO,0001807794,revenue,PASS,10-K,0001628280-25-033813,2025-07-02,2025-05-03,2025,RevenueFromContractWithCustomerExcludingAssessedTax,436775000,USD,2025-05-03,2025,3348,2025,0001628280-25-033813,us-gaap_RevenueFromContractWithCustomerExcludingAssessedTax,436775000.00000000,usd,1,True,True,True,True,True,True,0E-8
CRDO,0001807794,net_income,PASS,10-K,0001628280-25-033813,2025-07-02,2025-05-03,2025,NetIncomeLoss,52183000,USD,2025-05-03,2025,3353,2025,0001628280-25-033813,us-gaap_NetIncomeLoss,52183000.00000000,usd,1,True,True,True,True,True,True,0E-8
CRDO,0001807794,total_assets,PASS,10-K,0001628280-25-033813,2025-07-02,2025-05-03,2025,Assets,809257000,USD,2025-05-03,2025,3357,2025,0001628280-25-033813,us-gaap_Assets,809257000.00000000,usd,1,True,True,True,True,True,True,0E-8
CRDO,0001807794,current_assets,PASS,10-K,0001628280-25-033813,2025-07-02,2025-05-03,2025,AssetsCurrent,713534000,USD,2025-05-03,2025,3356,2025,0001628280-25-033813,us-gaap_AssetsCurrent,713534000.00000000,usd,1,True,True,True,True,True,True,0E-8
CRDO,0001807794,operating_cash_flow,PASS,10-K,0001628280-25-033813,2025-07-02,2025-05-03,2025,NetCashProvidedByUsedInOperatingActivities,65083000,USD,2025-05-03,2025,3361,2025,0001628280-25-033813,us-gaap_NetCashProvidedByUsedInOperatingActivities,65083000.00000000,usd,1,True,True,True,True,True,True,0E-8
CRDO,0001807794,revenue,PASS,10-K,0001628280-24-029629,2024-06-24,2024-04-27,2024,RevenueFromContractWithCustomerExcludingAssessedTax,192970000,USD,2024-04-27,2024,3363,2024,0001628280-24-029629,us-gaap_RevenueFromContractWithCustomerExcludingAssessedTax,192970000.00000000,usd,1,True,True,True,True,True,True,0E-8
CRDO,0001807794,net_income,PASS,10-K,0001628280-24-029629,2024-06-24,2024-04-27,2024,NetIncomeLoss,-28369000,USD,2024-04-27,2024,3368,2024,0001628280-24-029629,us-gaap_NetIncomeLoss,-28369000.00000000,usd,1,True,True,True,True,True,True,0E-8
CRDO,0001807794,total_assets,PASS,10-K,0001628280-24-029629,2024-06-24,2024-04-27,2024,Assets,601932000,USD,2024-04-27,2024,3372,2024,0001628280-24-029629,us-gaap_Assets,601932000.00000000,usd,1,True,True,True,True,True,True,0E-8
CRDO,0001807794,current_assets,PASS,10-K,0001628280-24-029629,2024-06-24,2024-04-27,2024,AssetsCurrent,530265000,USD,2024-04-27,2024,3371,2024,0001628280-24-029629,us-gaap_AssetsCurrent,530265000.00000000,usd,1,True,True,True,True,True,True,0E-8
CRDO,0001807794,operating_cash_flow,PASS,10-K,0001628280-24-029629,2024-06-24,2024-04-27,2024,NetCashProvidedByUsedInOperatingActivities,32737000,USD,2024-04-27,2024,3376,2024,0001628280-24-029629,us-gaap_NetCashProvidedByUsedInOperatingActivities,32737000.00000000,usd,1,True,True,True,True,True,True,0E-8
ENTG,0001101302,revenue,PASS,10-K,0001101302-26-000012,2026-02-11,2025-12-31,2025,RevenueFromContractWithCustomerExcludingAssessedTax,3196600000.0,USD,2025-12-31,2025,935,2025,0001101302-26-000012,us-gaap_RevenueFromContractWithCustomerExcludingAssessedTax,3196600000.00000000,usd,1,True,True,True,True,True,True,0E-7
ENTG,0001101302,net_income,PASS,10-K,0001101302-26-000012,2026-02-11,2025-12-31,2025,NetIncomeLoss,235600000.0,USD,2025-12-31,2025,940,2025,0001101302-26-000012,us-gaap_NetIncomeLoss,235600000.00000000,usd,1,True,True,True,True,True,True,0E-7
ENTG,0001101302,total_assets,PASS,10-K,0001101302-26-000012,2026-02-11,2025-12-31,2025,Assets,8350500000.0,USD,2025-12-31,2025,944,2025,0001101302-26-000012,us-gaap_Assets,8350500000.00000000,usd,1,True,True,True,True,True,True,0E-7
ENTG,0001101302,current_assets,PASS,10-K,0001101302-26-000012,2026-02-11,2025-12-31,2025,AssetsCurrent,1638200000.0,USD,2025-12-31,2025,943,2025,0001101302-26-000012,us-gaap_AssetsCurrent,1638200000.00000000,usd,1,True,True,True,True,True,True,0E-7
ENTG,0001101302,operating_cash_flow,PASS,10-K,0001101302-26-000012,2026-02-11,2025-12-31,2025,NetCashProvidedByUsedInOperatingActivities,695400000.0,USD,2025-12-31,2025,947,2025,0001101302-26-000012,us-gaap_NetCashProvidedByUsedInOperatingActivities,695400000.00000000,usd,1,True,True,True,True,True,True,0E-7
ENTG,0001101302,revenue,PASS,10-K,0001101302-25-000015,2025-02-12,2024-12-31,2024,RevenueFromContractWithCustomerExcludingAssessedTax,3241208000,USD,2024-12-31,2024,949,2024,0001101302-25-000015,us-gaap_RevenueFromContractWithCustomerExcludingAssessedTax,3241208000.00000000,usd,1,True,True,True,True,True,True,0E-8
ENTG,0001101302,net_income,PASS,10-K,0001101302-25-000015,2025-02-12,2024-12-31,2024,NetIncomeLoss,292787000,USD,2024-12-31,2024,955,2024,0001101302-25-000015,us-gaap_NetIncomeLoss,292787000.00000000,usd,1,True,True,True,True,True,True,0E-8
ENTG,0001101302,total_assets,PASS,10-K,0001101302-25-000015,2025-02-12,2024-12-31,2024,Assets,8394620000,USD,2024-12-31,2024,958,2024,0001101302-25-000015,us-gaap_Assets,8394620000.00000000,usd,1,True,True,True,True,True,True,0E-8
ENTG,0001101302,current_assets,PASS,10-K,0001101302-25-000015,2025-02-12,2024-12-31,2024,AssetsCurrent,1616304000,USD,2024-12-31,2024,957,2024,0001101302-25-000015,us-gaap_AssetsCurrent,1616304000.00000000,usd,1,True,True,True,True,True,True,0E-8
ENTG,0001101302,operating_cash_flow,PASS,10-K,0001101302-25-000015,2025-02-12,2024-12-31,2024,NetCashProvidedByUsedInOperatingActivities,631721000,USD,2024-12-31,2024,961,2024,0001101302-25-000015,us-gaap_NetCashProvidedByUsedInOperatingActivities,631721000.00000000,usd,1,True,True,True,True,True,True,0E-8
ENTG,0001101302,revenue,PASS,10-K,0001101302-24-000009,2024-02-15,2023-12-31,2023,RevenueFromContractWithCustomerExcludingAssessedTax,3523926000,USD,2023-12-31,2023,963,2023,0001101302-24-000009,us-gaap_RevenueFromContractWithCustomerExcludingAssessedTax,3523926000.00000000,usd,1,True,True,True,True,True,True,0E-8
ENTG,0001101302,net_income,PASS,10-K,0001101302-24-000009,2024-02-15,2023-12-31,2023,NetIncomeLoss,180669000,USD,2023-12-31,2023,969,2023,0001101302-24-000009,us-gaap_NetIncomeLoss,180669000.00000000,usd,1,True,True,True,True,True,True,0E-8
ENTG,0001101302,total_assets,PASS,10-K,0001101302-24-000009,2024-02-15,2023-12-31,2023,Assets,8812591000,USD,2023-12-31,2023,972,2023,0001101302-24-000009,us-gaap_Assets,8812591000.00000000,usd,1,True,True,True,True,True,True,0E-8
ENTG,0001101302,current_assets,PASS,10-K,0001101302-24-000009,2024-02-15,2023-12-31,2023,AssetsCurrent,1977327000,USD,2023-12-31,2023,971,2023,0001101302-24-000009,us-gaap_AssetsCurrent,1977327000.00000000,usd,1,True,True,True,True,True,True,0E-8
ENTG,0001101302,operating_cash_flow,PASS,10-K,0001101302-24-000009,2024-02-15,2023-12-31,2023,NetCashProvidedByUsedInOperatingActivities,629562000,USD,2023-12-31,2023,975,2023,0001101302-24-000009,us-gaap_NetCashProvidedByUsedInOperatingActivities,629562000.00000000,usd,1,True,True,True,True,True,True,0E-8
INTC,0000050863,revenue,PASS,10-K,0000050863-26-000011,2026-01-23,2025-12-27,2025,RevenueFromContractWithCustomerExcludingAssessedTax,52853000000,USD,2025-12-27,2025,1089,2025,0000050863-26-000011,us-gaap_RevenueFromContractWithCustomerExcludingAssessedTax,52853000000.00000000,usd,1,True,True,True,True,True,True,0E-8
INTC,0000050863,net_income,PASS,10-K,0000050863-26-000011,2026-01-23,2025-12-27,2025,NetIncomeLoss,-267000000,USD,2025-12-27,2025,1094,2025,0000050863-26-000011,us-gaap_NetIncomeLoss,-267000000.00000000,usd,1,True,True,True,True,True,True,0E-8
INTC,0000050863,total_assets,PASS,10-K,0000050863-26-000011,2026-01-23,2025-12-27,2025,Assets,211429000000,USD,2025-12-27,2025,1098,2025,0000050863-26-000011,us-gaap_Assets,211429000000.00000000,usd,1,True,True,True,True,True,True,0E-8
INTC,0000050863,current_assets,PASS,10-K,0000050863-26-000011,2026-01-23,2025-12-27,2025,AssetsCurrent,63688000000,USD,2025-12-27,2025,1097,2025,0000050863-26-000011,us-gaap_AssetsCurrent,63688000000.00000000,usd,1,True,True,True,True,True,True,0E-8
INTC,0000050863,operating_cash_flow,PASS,10-K,0000050863-26-000011,2026-01-23,2025-12-27,2025,NetCashProvidedByUsedInOperatingActivities,9697000000,USD,2025-12-27,2025,1101,2025,0000050863-26-000011,us-gaap_NetCashProvidedByUsedInOperatingActivities,9697000000.00000000,usd,1,True,True,True,True,True,True,0E-8
INTC,0000050863,revenue,PASS,10-K,0000050863-25-000009,2025-01-31,2024-12-28,2024,RevenueFromContractWithCustomerExcludingAssessedTax,53101000000,USD,2024-12-28,2024,1103,2024,0000050863-25-000009,us-gaap_RevenueFromContractWithCustomerExcludingAssessedTax,53101000000.00000000,usd,1,True,True,True,True,True,True,0E-8
INTC,0000050863,net_income,PASS,10-K,0000050863-25-000009,2025-01-31,2024-12-28,2024,NetIncomeLoss,-18756000000,USD,2024-12-28,2024,1108,2024,0000050863-25-000009,us-gaap_NetIncomeLoss,-18756000000.00000000,usd,1,True,True,True,True,True,True,0E-8
INTC,0000050863,total_assets,PASS,10-K,0000050863-25-000009,2025-01-31,2024-12-28,2024,Assets,196485000000,USD,2024-12-28,2024,1112,2024,0000050863-25-000009,us-gaap_Assets,196485000000.00000000,usd,1,True,True,True,True,True,True,0E-8
INTC,0000050863,current_assets,PASS,10-K,0000050863-25-000009,2025-01-31,2024-12-28,2024,AssetsCurrent,47324000000,USD,2024-12-28,2024,1111,2024,0000050863-25-000009,us-gaap_AssetsCurrent,47324000000.00000000,usd,1,True,True,True,True,True,True,0E-8
INTC,0000050863,operating_cash_flow,PASS,10-K,0000050863-25-000009,2025-01-31,2024-12-28,2024,NetCashProvidedByUsedInOperatingActivities,8288000000,USD,2024-12-28,2024,1115,2024,0000050863-25-000009,us-gaap_NetCashProvidedByUsedInOperatingActivities,8288000000.00000000,usd,1,True,True,True,True,True,True,0E-8
INTC,0000050863,revenue,PASS,10-K,0000050863-24-000010,2024-01-26,2023-12-30,2023,RevenueFromContractWithCustomerExcludingAssessedTax,54228000000,USD,2023-12-30,2023,1117,2023,0000050863-24-000010,us-gaap_RevenueFromContractWithCustomerExcludingAssessedTax,54228000000.00000000,usd,1,True,True,True,True,True,True,0E-8
INTC,0000050863,net_income,PASS,10-K,0000050863-24-000010,2024-01-26,2023-12-30,2023,NetIncomeLoss,1689000000,USD,2023-12-30,2023,1122,2023,0000050863-24-000010,us-gaap_NetIncomeLoss,1689000000.00000000,usd,1,True,True,True,True,True,True,0E-8
INTC,0000050863,total_assets,PASS,10-K,0000050863-24-000010,2024-01-26,2023-12-30,2023,Assets,191572000000,USD,2023-12-30,2023,1126,2023,0000050863-24-000010,us-gaap_Assets,191572000000.00000000,usd,1,True,True,True,True,True,True,0E-8
INTC,0000050863,current_assets,PASS,10-K,0000050863-24-000010,2024-01-26,2023-12-30,2023,AssetsCurrent,43269000000,USD,2023-12-30,2023,1125,2023,0000050863-24-000010,us-gaap_AssetsCurrent,43269000000.00000000,usd,1,True,True,True,True,True,True,0E-8
INTC,0000050863,operating_cash_flow,PASS,10-K,0000050863-24-000010,2024-01-26,2023-12-30,2023,NetCashProvidedByUsedInOperatingActivities,11471000000,USD,2023-12-30,2023,1129,2023,0000050863-24-000010,us-gaap_NetCashProvidedByUsedInOperatingActivities,11471000000.00000000,usd,1,True,True,True,True,True,True,0E-8
KLAC,0000319201,revenue,PASS,10-K,0000319201-25-000024,2025-08-08,2025-06-30,2025,RevenueFromContractWithCustomerExcludingAssessedTax,12156162000,USD,2025-06-30,2025,1243,2025,0000319201-25-000024,us-gaap_RevenueFromContractWithCustomerExcludingAssessedTax,12156162000.00000000,usd,1,True,True,True,True,True,True,0E-8
KLAC,0000319201,net_income,PASS,10-K,0000319201-25-000024,2025-08-08,2025-06-30,2025,NetIncomeLoss,4061643000,USD,2025-06-30,2025,1246,2025,0000319201-25-000024,us-gaap_NetIncomeLoss,4061643000.00000000,usd,1,True,True,True,True,True,True,0E-8
KLAC,0000319201,total_assets,PASS,10-K,0000319201-25-000024,2025-08-08,2025-06-30,2025,Assets,16067926000,USD,2025-06-30,2025,1250,2025,0000319201-25-000024,us-gaap_Assets,16067926000.00000000,usd,1,True,True,True,True,True,True,0E-8
KLAC,0000319201,current_assets,PASS,10-K,0000319201-25-000024,2025-08-08,2025-06-30,2025,AssetsCurrent,10698789000,USD,2025-06-30,2025,1249,2025,0000319201-25-000024,us-gaap_AssetsCurrent,10698789000.00000000,usd,1,True,True,True,True,True,True,0E-8
KLAC,0000319201,operating_cash_flow,PASS,10-K,0000319201-25-000024,2025-08-08,2025-06-30,2025,NetCashProvidedByUsedInOperatingActivities,4081903000,USD,2025-06-30,2025,1254,2025,0000319201-25-000024,us-gaap_NetCashProvidedByUsedInOperatingActivities,4081903000.00000000,usd,1,True,True,True,True,True,True,0E-8
KLAC,0000319201,revenue,PASS,10-K,0000319201-24-000021,2024-08-05,2024-06-30,2024,RevenueFromContractWithCustomerExcludingAssessedTax,9812247000,USD,2024-06-30,2024,1256,2024,0000319201-24-000021,us-gaap_RevenueFromContractWithCustomerExcludingAssessedTax,9812247000.00000000,usd,1,True,True,True,True,True,True,0E-8
KLAC,0000319201,net_income,PASS,10-K,0000319201-24-000021,2024-08-05,2024-06-30,2024,NetIncomeLoss,2761896000,USD,2024-06-30,2024,1259,2024,0000319201-24-000021,us-gaap_NetIncomeLoss,2761896000.00000000,usd,1,True,True,True,True,True,True,0E-8
KLAC,0000319201,total_assets,PASS,10-K,0000319201-24-000021,2024-08-05,2024-06-30,2024,Assets,15433566000,USD,2024-06-30,2024,1263,2024,0000319201-24-000021,us-gaap_Assets,15433566000.00000000,usd,1,True,True,True,True,True,True,0E-8
KLAC,0000319201,current_assets,PASS,10-K,0000319201-24-000021,2024-08-05,2024-06-30,2024,AssetsCurrent,10031144000,USD,2024-06-30,2024,1262,2024,0000319201-24-000021,us-gaap_AssetsCurrent,10031144000.00000000,usd,1,True,True,True,True,True,True,0E-8
KLAC,0000319201,operating_cash_flow,PASS,10-K,0000319201-24-000021,2024-08-05,2024-06-30,2024,NetCashProvidedByUsedInOperatingActivities,3308575000,USD,2024-06-30,2024,1267,2024,0000319201-24-000021,us-gaap_NetCashProvidedByUsedInOperatingActivities,3308575000.00000000,usd,1,True,True,True,True,True,True,0E-8
KLAC,0000319201,revenue,PASS,10-K,0000319201-23-000031,2023-08-04,2023-06-30,2023,RevenueFromContractWithCustomerExcludingAssessedTax,10496056000,USD,2023-06-30,2023,1269,2023,0000319201-23-000031,us-gaap_RevenueFromContractWithCustomerExcludingAssessedTax,10496056000.00000000,usd,1,True,True,True,True,True,True,0E-8
KLAC,0000319201,net_income,PASS,10-K,0000319201-23-000031,2023-08-04,2023-06-30,2023,NetIncomeLoss,3387277000,USD,2023-06-30,2023,1272,2023,0000319201-23-000031,us-gaap_NetIncomeLoss,3387277000.00000000,usd,1,True,True,True,True,True,True,0E-8
KLAC,0000319201,total_assets,PASS,10-K,0000319201-23-000031,2023-08-04,2023-06-30,2023,Assets,14072357000,USD,2023-06-30,2023,1276,2023,0000319201-23-000031,us-gaap_Assets,14072357000.00000000,usd,1,True,True,True,True,True,True,0E-8
KLAC,0000319201,current_assets,PASS,10-K,0000319201-23-000031,2023-08-04,2023-06-30,2023,AssetsCurrent,8372032000,USD,2023-06-30,2023,1275,2023,0000319201-23-000031,us-gaap_AssetsCurrent,8372032000.00000000,usd,1,True,True,True,True,True,True,0E-8
KLAC,0000319201,operating_cash_flow,PASS,10-K,0000319201-23-000031,2023-08-04,2023-06-30,2023,NetCashProvidedByUsedInOperatingActivities,3669805000,USD,2023-06-30,2023,1280,2023,0000319201-23-000031,us-gaap_NetCashProvidedByUsedInOperatingActivities,3669805000.00000000,usd,1,True,True,True,True,True,True,0E-8
LRCX,0000707549,revenue,PASS,10-K,0000707549-25-000075,2025-08-11,2025-06-29,2025,RevenueFromContractWithCustomerExcludingAssessedTax,18435591000,USD,2025-06-29,2025,1386,2025,0000707549-25-000075,us-gaap_RevenueFromContractWithCustomerExcludingAssessedTax,18435591000.00000000,usd,1,True,True,True,True,True,True,0E-8
LRCX,0000707549,net_income,PASS,10-K,0000707549-25-000075,2025-08-11,2025-06-29,2025,NetIncomeLoss,5358217000,USD,2025-06-29,2025,1391,2025,0000707549-25-000075,us-gaap_NetIncomeLoss,5358217000.00000000,usd,1,True,True,True,True,True,True,0E-8
LRCX,0000707549,total_assets,PASS,10-K,0000707549-25-000075,2025-08-11,2025-06-29,2025,Assets,21345260000,USD,2025-06-29,2025,1395,2025,0000707549-25-000075,us-gaap_Assets,21345260000.00000000,usd,1,True,True,True,True,True,True,0E-8
LRCX,0000707549,current_assets,PASS,10-K,0000707549-25-000075,2025-08-11,2025-06-29,2025,AssetsCurrent,14516995000,USD,2025-06-29,2025,1394,2025,0000707549-25-000075,us-gaap_AssetsCurrent,14516995000.00000000,usd,1,True,True,True,True,True,True,0E-8
LRCX,0000707549,operating_cash_flow,PASS,10-K,0000707549-25-000075,2025-08-11,2025-06-29,2025,NetCashProvidedByUsedInOperatingActivities,6173264000,USD,2025-06-29,2025,1399,2025,0000707549-25-000075,us-gaap_NetCashProvidedByUsedInOperatingActivities,6173264000.00000000,usd,1,True,True,True,True,True,True,0E-8
LRCX,0000707549,revenue,PASS,10-K,0000707549-24-000106,2024-08-29,2024-06-30,2024,RevenueFromContractWithCustomerExcludingAssessedTax,14905386000,USD,2024-06-30,2024,1400,2024,0000707549-24-000106,us-gaap_RevenueFromContractWithCustomerExcludingAssessedTax,14905386000.00000000,usd,1,True,True,True,True,True,True,0E-8
LRCX,0000707549,net_income,PASS,10-K,0000707549-24-000106,2024-08-29,2024-06-30,2024,NetIncomeLoss,3827772000,USD,2024-06-30,2024,1405,2024,0000707549-24-000106,us-gaap_NetIncomeLoss,3827772000.00000000,usd,1,True,True,True,True,True,True,0E-8
LRCX,0000707549,total_assets,PASS,10-K,0000707549-24-000106,2024-08-29,2024-06-30,2024,Assets,18744728000,USD,2024-06-30,2024,1409,2024,0000707549-24-000106,us-gaap_Assets,18744728000.00000000,usd,1,True,True,True,True,True,True,0E-8
LRCX,0000707549,current_assets,PASS,10-K,0000707549-24-000106,2024-08-29,2024-06-30,2024,AssetsCurrent,12883220000,USD,2024-06-30,2024,1408,2024,0000707549-24-000106,us-gaap_AssetsCurrent,12883220000.00000000,usd,1,True,True,True,True,True,True,0E-8
LRCX,0000707549,operating_cash_flow,PASS,10-K,0000707549-24-000106,2024-08-29,2024-06-30,2024,NetCashProvidedByUsedInOperatingActivities,4652269000,USD,2024-06-30,2024,1413,2024,0000707549-24-000106,us-gaap_NetCashProvidedByUsedInOperatingActivities,4652269000.00000000,usd,1,True,True,True,True,True,True,0E-8
LRCX,0000707549,revenue,PASS,10-K,0000707549-23-000102,2023-08-15,2023-06-25,2023,RevenueFromContractWithCustomerExcludingAssessedTax,17428516000,USD,2023-06-25,2023,1414,2023,0000707549-23-000102,us-gaap_RevenueFromContractWithCustomerExcludingAssessedTax,17428516000.00000000,usd,1,True,True,True,True,True,True,0E-8
LRCX,0000707549,net_income,PASS,10-K,0000707549-23-000102,2023-08-15,2023-06-25,2023,NetIncomeLoss,4510931000,USD,2023-06-25,2023,1419,2023,0000707549-23-000102,us-gaap_NetIncomeLoss,4510931000.00000000,usd,1,True,True,True,True,True,True,0E-8
LRCX,0000707549,total_assets,PASS,10-K,0000707549-23-000102,2023-08-15,2023-06-25,2023,Assets,18781643000,USD,2023-06-25,2023,1423,2023,0000707549-23-000102,us-gaap_Assets,18781643000.00000000,usd,1,True,True,True,True,True,True,0E-8
LRCX,0000707549,current_assets,PASS,10-K,0000707549-23-000102,2023-08-15,2023-06-25,2023,AssetsCurrent,13228412000,USD,2023-06-25,2023,1422,2023,0000707549-23-000102,us-gaap_AssetsCurrent,13228412000.00000000,usd,1,True,True,True,True,True,True,0E-8
LRCX,0000707549,operating_cash_flow,PASS,10-K,0000707549-23-000102,2023-08-15,2023-06-25,2023,NetCashProvidedByUsedInOperatingActivities,5178938000,USD,2023-06-25,2023,1427,2023,0000707549-23-000102,us-gaap_NetCashProvidedByUsedInOperatingActivities,5178938000.00000000,usd,1,True,True,True,True,True,True,0E-8
MCHP,0000827054,revenue,PASS,10-K,0000827054-26-000016,2026-05-21,2026-03-31,2026,RevenueFromContractWithCustomerExcludingAssessedTax,4713100000.0,USD,2026-03-31,2026,4100,2026,0000827054-26-000016,us-gaap_RevenueFromContractWithCustomerExcludingAssessedTax,4713100000.00000000,usd,1,True,True,True,True,True,True,0E-7
MCHP,0000827054,net_income,PASS,10-K,0000827054-26-000016,2026-05-21,2026-03-31,2026,NetIncomeLoss,230000000.0,USD,2026-03-31,2026,4105,2026,0000827054-26-000016,us-gaap_NetIncomeLoss,230000000.00000000,usd,1,True,True,True,True,True,True,0E-7
MCHP,0000827054,total_assets,PASS,10-K,0000827054-26-000016,2026-05-21,2026-03-31,2026,Assets,14370100000.0,USD,2026-03-31,2026,4109,2026,0000827054-26-000016,us-gaap_Assets,14370100000.00000000,usd,1,True,True,True,True,True,True,0E-7
MCHP,0000827054,current_assets,PASS,10-K,0000827054-26-000016,2026-05-21,2026-03-31,2026,AssetsCurrent,2377600000.0,USD,2026-03-31,2026,4108,2026,0000827054-26-000016,us-gaap_AssetsCurrent,2377600000.00000000,usd,1,True,True,True,True,True,True,0E-7
MCHP,0000827054,operating_cash_flow,PASS,10-K,0000827054-26-000016,2026-05-21,2026-03-31,2026,NetCashProvidedByUsedInOperatingActivities,962100000.0,USD,2026-03-31,2026,4112,2026,0000827054-26-000016,us-gaap_NetCashProvidedByUsedInOperatingActivities,962100000.00000000,usd,1,True,True,True,True,True,True,0E-7
MCHP,0000827054,revenue,PASS,10-K,0000827054-25-000077,2025-05-23,2025-03-31,2025,RevenueFromContractWithCustomerExcludingAssessedTax,4401600000.0,USD,2025-03-31,2025,4114,2025,0000827054-25-000077,us-gaap_RevenueFromContractWithCustomerExcludingAssessedTax,4401600000.00000000,usd,1,True,True,True,True,True,True,0E-7
MCHP,0000827054,net_income,PASS,10-K,0000827054-25-000077,2025-05-23,2025-03-31,2025,NetIncomeLoss,-500000.0,USD,2025-03-31,2025,4119,2025,0000827054-25-000077,us-gaap_NetIncomeLoss,-500000.00000000,usd,1,True,True,True,True,True,True,0E-7
MCHP,0000827054,total_assets,PASS,10-K,0000827054-25-000077,2025-05-23,2025-03-31,2025,Assets,15374600000.0,USD,2025-03-31,2025,4123,2025,0000827054-25-000077,us-gaap_Assets,15374600000.00000000,usd,1,True,True,True,True,True,True,0E-7
MCHP,0000827054,current_assets,PASS,10-K,0000827054-25-000077,2025-05-23,2025-03-31,2025,AssetsCurrent,2991300000.0,USD,2025-03-31,2025,4122,2025,0000827054-25-000077,us-gaap_AssetsCurrent,2991300000.00000000,usd,1,True,True,True,True,True,True,0E-7
MCHP,0000827054,operating_cash_flow,PASS,10-K,0000827054-25-000077,2025-05-23,2025-03-31,2025,NetCashProvidedByUsedInOperatingActivities,898100000.0,USD,2025-03-31,2025,4126,2025,0000827054-25-000077,us-gaap_NetCashProvidedByUsedInOperatingActivities,898100000.00000000,usd,1,True,True,True,True,True,True,0E-7
MCHP,0000827054,revenue,PASS,10-K,0000827054-24-000098,2024-05-23,2024-03-31,2024,RevenueFromContractWithCustomerExcludingAssessedTax,7634400000.0,USD,2024-03-31,2024,4128,2024,0000827054-24-000098,us-gaap_RevenueFromContractWithCustomerExcludingAssessedTax,7634400000.00000000,usd,1,True,True,True,True,True,True,0E-7
MCHP,0000827054,net_income,PASS,10-K,0000827054-24-000098,2024-05-23,2024-03-31,2024,NetIncomeLoss,1906900000.0,USD,2024-03-31,2024,4133,2024,0000827054-24-000098,us-gaap_NetIncomeLoss,1906900000.00000000,usd,1,True,True,True,True,True,True,0E-7
MCHP,0000827054,total_assets,PASS,10-K,0000827054-24-000098,2024-05-23,2024-03-31,2024,Assets,15873200000.0,USD,2024-03-31,2024,4137,2024,0000827054-24-000098,us-gaap_Assets,15873200000.00000000,usd,1,True,True,True,True,True,True,0E-7
MCHP,0000827054,current_assets,PASS,10-K,0000827054-24-000098,2024-05-23,2024-03-31,2024,AssetsCurrent,3013000000.0,USD,2024-03-31,2024,4136,2024,0000827054-24-000098,us-gaap_AssetsCurrent,3013000000.00000000,usd,1,True,True,True,True,True,True,0E-7
MCHP,0000827054,operating_cash_flow,PASS,10-K,0000827054-24-000098,2024-05-23,2024-03-31,2024,NetCashProvidedByUsedInOperatingActivities,2892700000.0,USD,2024-03-31,2024,4140,2024,0000827054-24-000098,us-gaap_NetCashProvidedByUsedInOperatingActivities,2892700000.00000000,usd,1,True,True,True,True,True,True,0E-7
MPWR,0001280452,revenue,PASS,10-K,0001437749-26-006113,2026-02-27,2025-12-31,2025,RevenueFromContractWithCustomerExcludingAssessedTax,2790459000,USD,2025-12-31,2025,4254,2025,0001437749-26-006113,us-gaap_RevenueFromContractWithCustomerExcludingAssessedTax,2790459000.00000000,usd,1,True,True,True,True,True,True,0E-8
MPWR,0001280452,net_income,PASS,10-K,0001437749-26-006113,2026-02-27,2025-12-31,2025,NetIncomeLoss,621483000,USD,2025-12-31,2025,4258,2025,0001437749-26-006113,us-gaap_NetIncomeLoss,621483000.00000000,usd,1,True,True,True,True,True,True,0E-8
MPWR,0001280452,total_assets,PASS,10-K,0001437749-26-006113,2026-02-27,2025-12-31,2025,Assets,4194199000,USD,2025-12-31,2025,4262,2025,0001437749-26-006113,us-gaap_Assets,4194199000.00000000,usd,1,True,True,True,True,True,True,0E-8
MPWR,0001280452,current_assets,PASS,10-K,0001437749-26-006113,2026-02-27,2025-12-31,2025,AssetsCurrent,2183802000,USD,2025-12-31,2025,4261,2025,0001437749-26-006113,us-gaap_AssetsCurrent,2183802000.00000000,usd,1,True,True,True,True,True,True,0E-8
MPWR,0001280452,operating_cash_flow,PASS,10-K,0001437749-26-006113,2026-02-27,2025-12-31,2025,NetCashProvidedByUsedInOperatingActivities,838202000,USD,2025-12-31,2025,4266,2025,0001437749-26-006113,us-gaap_NetCashProvidedByUsedInOperatingActivities,838202000.00000000,usd,1,True,True,True,True,True,True,0E-8
MPWR,0001280452,revenue,PASS,10-K,0001437749-25-005903,2025-03-03,2024-12-31,2024,RevenueFromContractWithCustomerExcludingAssessedTax,2207100000,USD,2024-12-31,2024,4268,2024,0001437749-25-005903,us-gaap_RevenueFromContractWithCustomerExcludingAssessedTax,2207100000.00000000,usd,1,True,True,True,True,True,True,0E-8
MPWR,0001280452,net_income,PASS,10-K,0001437749-25-005903,2025-03-03,2024-12-31,2024,NetIncomeLoss,1786700000,USD,2024-12-31,2024,4272,2024,0001437749-25-005903,us-gaap_NetIncomeLoss,1786700000.00000000,usd,1,True,True,True,True,True,True,0E-8
MPWR,0001280452,total_assets,PASS,10-K,0001437749-25-005903,2025-03-03,2024-12-31,2024,Assets,3617097000,USD,2024-12-31,2024,4276,2024,0001437749-25-005903,us-gaap_Assets,3617097000.00000000,usd,1,True,True,True,True,True,True,0E-8
MPWR,0001280452,current_assets,PASS,10-K,0001437749-25-005903,2025-03-03,2024-12-31,2024,AssetsCurrent,1565053000,USD,2024-12-31,2024,4275,2024,0001437749-25-005903,us-gaap_AssetsCurrent,1565053000.00000000,usd,1,True,True,True,True,True,True,0E-8
MPWR,0001280452,operating_cash_flow,PASS,10-K,0001437749-25-005903,2025-03-03,2024-12-31,2024,NetCashProvidedByUsedInOperatingActivities,788410000,USD,2024-12-31,2024,4280,2024,0001437749-25-005903,us-gaap_NetCashProvidedByUsedInOperatingActivities,788410000.00000000,usd,1,True,True,True,True,True,True,0E-8
MPWR,0001280452,revenue,PASS,10-K,0001437749-24-006133,2024-02-29,2023-12-31,2023,RevenueFromContractWithCustomerExcludingAssessedTax,1821072000,USD,2023-12-31,2023,4282,2023,0001437749-24-006133,us-gaap_RevenueFromContractWithCustomerExcludingAssessedTax,1821072000.00000000,usd,1,True,True,True,True,True,True,0E-8
MPWR,0001280452,net_income,PASS,10-K,0001437749-24-006133,2024-02-29,2023-12-31,2023,NetIncomeLoss,427374000,USD,2023-12-31,2023,4286,2023,0001437749-24-006133,us-gaap_NetIncomeLoss,427374000.00000000,usd,1,True,True,True,True,True,True,0E-8
MPWR,0001280452,total_assets,PASS,10-K,0001437749-24-006133,2024-02-29,2023-12-31,2023,Assets,2434353000,USD,2023-12-31,2023,4290,2023,0001437749-24-006133,us-gaap_Assets,2434353000.00000000,usd,1,True,True,True,True,True,True,0E-8
MPWR,0001280452,current_assets,PASS,10-K,0001437749-24-006133,2024-02-29,2023-12-31,2023,AssetsCurrent,1819499000,USD,2023-12-31,2023,4289,2023,0001437749-24-006133,us-gaap_AssetsCurrent,1819499000.00000000,usd,1,True,True,True,True,True,True,0E-8
MPWR,0001280452,operating_cash_flow,PASS,10-K,0001437749-24-006133,2024-02-29,2023-12-31,2023,NetCashProvidedByUsedInOperatingActivities,638213000,USD,2023-12-31,2023,4294,2023,0001437749-24-006133,us-gaap_NetCashProvidedByUsedInOperatingActivities,638213000.00000000,usd,1,True,True,True,True,True,True,0E-8
MRVL,0001835632,revenue,PASS,10-K,0001835632-26-000011,2026-03-11,2026-01-31,2026,RevenueFromContractWithCustomerExcludingAssessedTax,8194600000.0,USD,2026-01-31,2026,4408,2026,0001835632-26-000011,us-gaap_RevenueFromContractWithCustomerExcludingAssessedTax,8194600000.00000000,usd,1,True,True,True,True,True,True,0E-7
MRVL,0001835632,net_income,PASS,10-K,0001835632-26-000011,2026-03-11,2026-01-31,2026,NetIncomeLoss,2670100000.0,USD,2026-01-31,2026,4413,2026,0001835632-26-000011,us-gaap_NetIncomeLoss,2670100000.00000000,usd,1,True,True,True,True,True,True,0E-7
MRVL,0001835632,total_assets,PASS,10-K,0001835632-26-000011,2026-03-11,2026-01-31,2026,Assets,22285300000.0,USD,2026-01-31,2026,4417,2026,0001835632-26-000011,us-gaap_Assets,22285300000.00000000,usd,1,True,True,True,True,True,True,0E-7
MRVL,0001835632,current_assets,PASS,10-K,0001835632-26-000011,2026-03-11,2026-01-31,2026,AssetsCurrent,6460600000.0,USD,2026-01-31,2026,4416,2026,0001835632-26-000011,us-gaap_AssetsCurrent,6460600000.00000000,usd,1,True,True,True,True,True,True,0E-7
MRVL,0001835632,operating_cash_flow,PASS,10-K,0001835632-26-000011,2026-03-11,2026-01-31,2026,NetCashProvidedByUsedInOperatingActivities,1750500000.0,USD,2026-01-31,2026,4421,2026,0001835632-26-000011,us-gaap_NetCashProvidedByUsedInOperatingActivities,1750500000.00000000,usd,1,True,True,True,True,True,True,0E-7
MRVL,0001835632,revenue,PASS,10-K,0001835632-25-000057,2025-03-12,2025-02-01,2025,RevenueFromContractWithCustomerExcludingAssessedTax,5767300000.0,USD,2025-02-01,2025,4423,2025,0001835632-25-000057,us-gaap_RevenueFromContractWithCustomerExcludingAssessedTax,5767300000.00000000,usd,1,True,True,True,True,True,True,0E-7
MRVL,0001835632,net_income,PASS,10-K,0001835632-25-000057,2025-03-12,2025-02-01,2025,NetIncomeLoss,-885000000.0,USD,2025-02-01,2025,4428,2025,0001835632-25-000057,us-gaap_NetIncomeLoss,-885000000.00000000,usd,1,True,True,True,True,True,True,0E-7
MRVL,0001835632,total_assets,PASS,10-K,0001835632-25-000057,2025-03-12,2025-02-01,2025,Assets,20204500000.0,USD,2025-02-01,2025,4432,2025,0001835632-25-000057,us-gaap_Assets,20204500000.00000000,usd,1,True,True,True,True,True,True,0E-7
MRVL,0001835632,current_assets,PASS,10-K,0001835632-25-000057,2025-03-12,2025-02-01,2025,AssetsCurrent,3120300000.0,USD,2025-02-01,2025,4431,2025,0001835632-25-000057,us-gaap_AssetsCurrent,3120300000.00000000,usd,1,True,True,True,True,True,True,0E-7
MRVL,0001835632,operating_cash_flow,PASS,10-K,0001835632-25-000057,2025-03-12,2025-02-01,2025,NetCashProvidedByUsedInOperatingActivities,1681200000.0,USD,2025-02-01,2025,4436,2025,0001835632-25-000057,us-gaap_NetCashProvidedByUsedInOperatingActivities,1681200000.00000000,usd,1,True,True,True,True,True,True,0E-7
MRVL,0001835632,revenue,PASS,10-K,0001835632-24-000009,2024-03-13,2024-02-03,2024,RevenueFromContractWithCustomerExcludingAssessedTax,5507700000.0,USD,2024-02-03,2024,4438,2024,0001835632-24-000009,us-gaap_RevenueFromContractWithCustomerExcludingAssessedTax,5507700000.00000000,usd,1,True,True,True,True,True,True,0E-7
MRVL,0001835632,net_income,PASS,10-K,0001835632-24-000009,2024-03-13,2024-02-03,2024,NetIncomeLoss,-933400000.0,USD,2024-02-03,2024,4443,2024,0001835632-24-000009,us-gaap_NetIncomeLoss,-933400000.00000000,usd,1,True,True,True,True,True,True,0E-7
MRVL,0001835632,total_assets,PASS,10-K,0001835632-24-000009,2024-03-13,2024-02-03,2024,Assets,21228500000.0,USD,2024-02-03,2024,4447,2024,0001835632-24-000009,us-gaap_Assets,21228500000.00000000,usd,1,True,True,True,True,True,True,0E-7
MRVL,0001835632,current_assets,PASS,10-K,0001835632-24-000009,2024-03-13,2024-02-03,2024,AssetsCurrent,3062700000.0,USD,2024-02-03,2024,4446,2024,0001835632-24-000009,us-gaap_AssetsCurrent,3062700000.00000000,usd,1,True,True,True,True,True,True,0E-7
MRVL,0001835632,operating_cash_flow,PASS,10-K,0001835632-24-000009,2024-03-13,2024-02-03,2024,NetCashProvidedByUsedInOperatingActivities,1370500000.0,USD,2024-02-03,2024,4451,2024,0001835632-24-000009,us-gaap_NetCashProvidedByUsedInOperatingActivities,1370500000.00000000,usd,1,True,True,True,True,True,True,0E-7
MTSI,0001493594,revenue,PASS,10-K,0001493594-25-000054,2025-11-14,2025-10-03,2025,Revenues,967258000,USD,2025-10-03,2025,4573,2025,0001493594-25-000054,us-gaap_Revenues,967258000.00000000,usd,1,True,True,True,True,True,True,0E-8
MTSI,0001493594,net_income,PASS,10-K,0001493594-25-000054,2025-11-14,2025-10-03,2025,NetIncomeLoss,-54210000,USD,2025-10-03,2025,4578,2025,0001493594-25-000054,us-gaap_NetIncomeLoss,-54210000.00000000,usd,1,True,True,True,True,True,True,0E-8
MTSI,0001493594,total_assets,PASS,10-K,0001493594-25-000054,2025-11-14,2025-10-03,2025,Assets,2103360000,USD,2025-10-03,2025,4582,2025,0001493594-25-000054,us-gaap_Assets,2103360000.00000000,usd,1,True,True,True,True,True,True,0E-8
MTSI,0001493594,current_assets,PASS,10-K,0001493594-25-000054,2025-11-14,2025-10-03,2025,AssetsCurrent,1205088000,USD,2025-10-03,2025,4581,2025,0001493594-25-000054,us-gaap_AssetsCurrent,1205088000.00000000,usd,1,True,True,True,True,True,True,0E-8
MTSI,0001493594,operating_cash_flow,PASS,10-K,0001493594-25-000054,2025-11-14,2025-10-03,2025,NetCashProvidedByUsedInOperatingActivities,235368000,USD,2025-10-03,2025,4586,2025,0001493594-25-000054,us-gaap_NetCashProvidedByUsedInOperatingActivities,235368000.00000000,usd,1,True,True,True,True,True,True,0E-8
MTSI,0001493594,revenue,PASS,10-K,0001493594-24-000060,2024-11-12,2024-09-27,2024,Revenues,729578000,USD,2024-09-27,2024,4588,2024,0001493594-24-000060,us-gaap_Revenues,729578000.00000000,usd,1,True,True,True,True,True,True,0E-8
MTSI,0001493594,net_income,PASS,10-K,0001493594-24-000060,2024-11-12,2024-09-27,2024,NetIncomeLoss,76859000,USD,2024-09-27,2024,4593,2024,0001493594-24-000060,us-gaap_NetIncomeLoss,76859000.00000000,usd,1,True,True,True,True,True,True,0E-8
MTSI,0001493594,total_assets,PASS,10-K,0001493594-24-000060,2024-11-12,2024-09-27,2024,Assets,1755640000,USD,2024-09-27,2024,4597,2024,0001493594-24-000060,us-gaap_Assets,1755640000.00000000,usd,1,True,True,True,True,True,True,0E-8
MTSI,0001493594,current_assets,PASS,10-K,0001493594-24-000060,2024-11-12,2024-09-27,2024,AssetsCurrent,903078000,USD,2024-09-27,2024,4596,2024,0001493594-24-000060,us-gaap_AssetsCurrent,903078000.00000000,usd,1,True,True,True,True,True,True,0E-8
MTSI,0001493594,operating_cash_flow,PASS,10-K,0001493594-24-000060,2024-11-12,2024-09-27,2024,NetCashProvidedByUsedInOperatingActivities,162640000,USD,2024-09-27,2024,4601,2024,0001493594-24-000060,us-gaap_NetCashProvidedByUsedInOperatingActivities,162640000.00000000,usd,1,True,True,True,True,True,True,0E-8
MTSI,0001493594,revenue,PASS,10-K,0001493594-23-000081,2023-11-13,2023-09-29,2023,Revenues,648407000,USD,2023-09-29,2023,4603,2023,0001493594-23-000081,us-gaap_Revenues,648407000.00000000,usd,1,True,True,True,True,True,True,0E-8
MTSI,0001493594,net_income,PASS,10-K,0001493594-23-000081,2023-11-13,2023-09-29,2023,NetIncomeLoss,91577000,USD,2023-09-29,2023,4608,2023,0001493594-23-000081,us-gaap_NetIncomeLoss,91577000.00000000,usd,1,True,True,True,True,True,True,0E-8
MTSI,0001493594,total_assets,PASS,10-K,0001493594-23-000081,2023-11-13,2023-09-29,2023,Assets,1553244000,USD,2023-09-29,2023,4612,2023,0001493594-23-000081,us-gaap_Assets,1553244000.00000000,usd,1,True,True,True,True,True,True,0E-8
MTSI,0001493594,current_assets,PASS,10-K,0001493594-23-000081,2023-11-13,2023-09-29,2023,AssetsCurrent,761193000,USD,2023-09-29,2023,4611,2023,0001493594-23-000081,us-gaap_AssetsCurrent,761193000.00000000,usd,1,True,True,True,True,True,True,0E-8
MTSI,0001493594,operating_cash_flow,PASS,10-K,0001493594-23-000081,2023-11-13,2023-09-29,2023,NetCashProvidedByUsedInOperatingActivities,166917000,USD,2023-09-29,2023,4616,2023,0001493594-23-000081,us-gaap_NetCashProvidedByUsedInOperatingActivities,166917000.00000000,usd,1,True,True,True,True,True,True,0E-8
MU,0000723125,revenue,PASS,10-K,0000723125-25-000028,2025-10-03,2025-08-28,2025,RevenueFromContractWithCustomerExcludingAssessedTax,37378000000,USD,2025-08-28,2025,1537,2025,0000723125-25-000028,us-gaap_RevenueFromContractWithCustomerExcludingAssessedTax,37378000000.00000000,usd,1,True,True,True,True,True,True,0E-8
MU,0000723125,net_income,PASS,10-K,0000723125-25-000028,2025-10-03,2025-08-28,2025,NetIncomeLoss,8539000000,USD,2025-08-28,2025,1542,2025,0000723125-25-000028,us-gaap_NetIncomeLoss,8539000000.00000000,usd,1,True,True,True,True,True,True,0E-8
MU,0000723125,total_assets,PASS,10-K,0000723125-25-000028,2025-10-03,2025-08-28,2025,Assets,82798000000,USD,2025-08-28,2025,1546,2025,0000723125-25-000028,us-gaap_Assets,82798000000.00000000,usd,1,True,True,True,True,True,True,0E-8
MU,0000723125,current_assets,PASS,10-K,0000723125-25-000028,2025-10-03,2025-08-28,2025,AssetsCurrent,28841000000,USD,2025-08-28,2025,1545,2025,0000723125-25-000028,us-gaap_AssetsCurrent,28841000000.00000000,usd,1,True,True,True,True,True,True,0E-8
MU,0000723125,operating_cash_flow,PASS,10-K,0000723125-25-000028,2025-10-03,2025-08-28,2025,NetCashProvidedByUsedInOperatingActivities,17525000000,USD,2025-08-28,2025,1550,2025,0000723125-25-000028,us-gaap_NetCashProvidedByUsedInOperatingActivities,17525000000.00000000,usd,1,True,True,True,True,True,True,0E-8
MU,0000723125,revenue,PASS,10-K,0000723125-24-000027,2024-10-04,2024-08-29,2024,RevenueFromContractWithCustomerExcludingAssessedTax,25111000000,USD,2024-08-29,2024,1552,2024,0000723125-24-000027,us-gaap_RevenueFromContractWithCustomerExcludingAssessedTax,25111000000.00000000,usd,1,True,True,True,True,True,True,0E-8
MU,0000723125,net_income,PASS,10-K,0000723125-24-000027,2024-10-04,2024-08-29,2024,NetIncomeLoss,778000000,USD,2024-08-29,2024,1557,2024,0000723125-24-000027,us-gaap_NetIncomeLoss,778000000.00000000,usd,1,True,True,True,True,True,True,0E-8
MU,0000723125,total_assets,PASS,10-K,0000723125-24-000027,2024-10-04,2024-08-29,2024,Assets,69416000000,USD,2024-08-29,2024,1561,2024,0000723125-24-000027,us-gaap_Assets,69416000000.00000000,usd,1,True,True,True,True,True,True,0E-8
MU,0000723125,current_assets,PASS,10-K,0000723125-24-000027,2024-10-04,2024-08-29,2024,AssetsCurrent,24372000000,USD,2024-08-29,2024,1560,2024,0000723125-24-000027,us-gaap_AssetsCurrent,24372000000.00000000,usd,1,True,True,True,True,True,True,0E-8
MU,0000723125,operating_cash_flow,PASS,10-K,0000723125-24-000027,2024-10-04,2024-08-29,2024,NetCashProvidedByUsedInOperatingActivities,8507000000,USD,2024-08-29,2024,1565,2024,0000723125-24-000027,us-gaap_NetCashProvidedByUsedInOperatingActivities,8507000000.00000000,usd,1,True,True,True,True,True,True,0E-8
MU,0000723125,revenue,PASS,10-K,0000723125-23-000054,2023-10-06,2023-08-31,2023,RevenueFromContractWithCustomerExcludingAssessedTax,15540000000,USD,2023-08-31,2023,1567,2023,0000723125-23-000054,us-gaap_RevenueFromContractWithCustomerExcludingAssessedTax,15540000000.00000000,usd,1,True,True,True,True,True,True,0E-8
MU,0000723125,net_income,PASS,10-K,0000723125-23-000054,2023-10-06,2023-08-31,2023,NetIncomeLoss,-5833000000,USD,2023-08-31,2023,1572,2023,0000723125-23-000054,us-gaap_NetIncomeLoss,-5833000000.00000000,usd,1,True,True,True,True,True,True,0E-8
MU,0000723125,total_assets,PASS,10-K,0000723125-23-000054,2023-10-06,2023-08-31,2023,Assets,64254000000,USD,2023-08-31,2023,1576,2023,0000723125-23-000054,us-gaap_Assets,64254000000.00000000,usd,1,True,True,True,True,True,True,0E-8
MU,0000723125,current_assets,PASS,10-K,0000723125-23-000054,2023-10-06,2023-08-31,2023,AssetsCurrent,21244000000,USD,2023-08-31,2023,1575,2023,0000723125-23-000054,us-gaap_AssetsCurrent,21244000000.00000000,usd,1,True,True,True,True,True,True,0E-8
MU,0000723125,operating_cash_flow,PASS,10-K,0000723125-23-000054,2023-10-06,2023-08-31,2023,NetCashProvidedByUsedInOperatingActivities,1559000000,USD,2023-08-31,2023,1580,2023,0000723125-23-000054,us-gaap_NetCashProvidedByUsedInOperatingActivities,1559000000.00000000,usd,1,True,True,True,True,True,True,0E-8
NVDA,0001045810,revenue,PASS,10-K,0001045810-26-000021,2026-02-25,2026-01-25,2026,Revenues,215938000000,USD,2026-01-25,2026,1,2026,0001045810-26-000021,us-gaap_Revenues,215938000000.00000000,usd,1,True,True,True,True,True,True,0E-8
NVDA,0001045810,net_income,PASS,10-K,0001045810-26-000021,2026-02-25,2026-01-25,2026,NetIncomeLoss,120067000000,USD,2026-01-25,2026,6,2026,0001045810-26-000021,us-gaap_NetIncomeLoss,120067000000.00000000,usd,1,True,True,True,True,True,True,0E-8
NVDA,0001045810,total_assets,PASS,10-K,0001045810-26-000021,2026-02-25,2026-01-25,2026,Assets,206803000000,USD,2026-01-25,2026,10,2026,0001045810-26-000021,us-gaap_Assets,206803000000.00000000,usd,1,True,True,True,True,True,True,0E-8
NVDA,0001045810,current_assets,PASS,10-K,0001045810-26-000021,2026-02-25,2026-01-25,2026,AssetsCurrent,125605000000,USD,2026-01-25,2026,9,2026,0001045810-26-000021,us-gaap_AssetsCurrent,125605000000.00000000,usd,1,True,True,True,True,True,True,0E-8
NVDA,0001045810,operating_cash_flow,PASS,10-K,0001045810-26-000021,2026-02-25,2026-01-25,2026,NetCashProvidedByUsedInOperatingActivities,102718000000,USD,2026-01-25,2026,14,2026,0001045810-26-000021,us-gaap_NetCashProvidedByUsedInOperatingActivities,102718000000.00000000,usd,1,True,True,True,True,True,True,0E-8
NVDA,0001045810,revenue,PASS,10-K,0001045810-25-000023,2025-02-26,2025-01-26,2025,Revenues,130497000000,USD,2025-01-26,2025,15,2025,0001045810-25-000023,us-gaap_Revenues,130497000000.00000000,usd,1,True,True,True,True,True,True,0E-8
NVDA,0001045810,net_income,PASS,10-K,0001045810-25-000023,2025-02-26,2025-01-26,2025,NetIncomeLoss,72880000000,USD,2025-01-26,2025,20,2025,0001045810-25-000023,us-gaap_NetIncomeLoss,72880000000.00000000,usd,1,True,True,True,True,True,True,0E-8
NVDA,0001045810,total_assets,PASS,10-K,0001045810-25-000023,2025-02-26,2025-01-26,2025,Assets,111601000000,USD,2025-01-26,2025,24,2025,0001045810-25-000023,us-gaap_Assets,111601000000.00000000,usd,1,True,True,True,True,True,True,0E-8
NVDA,0001045810,current_assets,PASS,10-K,0001045810-25-000023,2025-02-26,2025-01-26,2025,AssetsCurrent,80126000000,USD,2025-01-26,2025,23,2025,0001045810-25-000023,us-gaap_AssetsCurrent,80126000000.00000000,usd,1,True,True,True,True,True,True,0E-8
NVDA,0001045810,operating_cash_flow,PASS,10-K,0001045810-25-000023,2025-02-26,2025-01-26,2025,NetCashProvidedByUsedInOperatingActivities,64089000000,USD,2025-01-26,2025,28,2025,0001045810-25-000023,us-gaap_NetCashProvidedByUsedInOperatingActivities,64089000000.00000000,usd,1,True,True,True,True,True,True,0E-8
NVDA,0001045810,revenue,PASS,10-K,0001045810-24-000029,2024-02-21,2024-01-28,2024,Revenues,60922000000,USD,2024-01-28,2024,29,2024,0001045810-24-000029,us-gaap_Revenues,60922000000.00000000,usd,1,True,True,True,True,True,True,0E-8
NVDA,0001045810,net_income,PASS,10-K,0001045810-24-000029,2024-02-21,2024-01-28,2024,NetIncomeLoss,29760000000,USD,2024-01-28,2024,34,2024,0001045810-24-000029,us-gaap_NetIncomeLoss,29760000000.00000000,usd,1,True,True,True,True,True,True,0E-8
NVDA,0001045810,total_assets,PASS,10-K,0001045810-24-000029,2024-02-21,2024-01-28,2024,Assets,65728000000,USD,2024-01-28,2024,38,2024,0001045810-24-000029,us-gaap_Assets,65728000000.00000000,usd,1,True,True,True,True,True,True,0E-8
NVDA,0001045810,current_assets,PASS,10-K,0001045810-24-000029,2024-02-21,2024-01-28,2024,AssetsCurrent,44345000000,USD,2024-01-28,2024,37,2024,0001045810-24-000029,us-gaap_AssetsCurrent,44345000000.00000000,usd,1,True,True,True,True,True,True,0E-8
NVDA,0001045810,operating_cash_flow,PASS,10-K,0001045810-24-000029,2024-02-21,2024-01-28,2024,NetCashProvidedByUsedInOperatingActivities,28090000000,USD,2024-01-28,2024,42,2024,0001045810-24-000029,us-gaap_NetCashProvidedByUsedInOperatingActivities,28090000000.00000000,usd,1,True,True,True,True,True,True,0E-8
NXPI,0001413447,revenue,PASS,10-K,0001413447-26-000008,2026-02-19,2025-12-31,2025,RevenueFromContractWithCustomerExcludingAssessedTax,12269000000,USD,2025-12-31,2025,5057,2025,0001413447-26-000008,us-gaap_RevenueFromContractWithCustomerExcludingAssessedTax,12269000000.00000000,usd,1,True,True,True,True,True,True,0E-8
NXPI,0001413447,net_income,PASS,10-K,0001413447-26-000008,2026-02-19,2025-12-31,2025,NetIncomeLoss,2021000000,USD,2025-12-31,2025,5062,2025,0001413447-26-000008,us-gaap_NetIncomeLoss,2021000000.00000000,usd,1,True,True,True,True,True,True,0E-8
NXPI,0001413447,total_assets,PASS,10-K,0001413447-26-000008,2026-02-19,2025-12-31,2025,Assets,26560000000,USD,2025-12-31,2025,5066,2025,0001413447-26-000008,us-gaap_Assets,26560000000.00000000,usd,1,True,True,True,True,True,True,0E-8
NXPI,0001413447,current_assets,PASS,10-K,0001413447-26-000008,2026-02-19,2025-12-31,2025,AssetsCurrent,7940000000,USD,2025-12-31,2025,5065,2025,0001413447-26-000008,us-gaap_AssetsCurrent,7940000000.00000000,usd,1,True,True,True,True,True,True,0E-8
NXPI,0001413447,operating_cash_flow,PASS,10-K,0001413447-26-000008,2026-02-19,2025-12-31,2025,NetCashProvidedByUsedInOperatingActivities,2820000000,USD,2025-12-31,2025,5069,2025,0001413447-26-000008,us-gaap_NetCashProvidedByUsedInOperatingActivities,2820000000.00000000,usd,1,True,True,True,True,True,True,0E-8
NXPI,0001413447,revenue,PASS,10-K,0001413447-25-000019,2025-02-20,2024-12-31,2024,RevenueFromContractWithCustomerExcludingAssessedTax,12614000000,USD,2024-12-31,2024,5071,2024,0001413447-25-000019,us-gaap_RevenueFromContractWithCustomerExcludingAssessedTax,12614000000.00000000,usd,1,True,True,True,True,True,True,0E-8
NXPI,0001413447,net_income,PASS,10-K,0001413447-25-000019,2025-02-20,2024-12-31,2024,NetIncomeLoss,2510000000,USD,2024-12-31,2024,5076,2024,0001413447-25-000019,us-gaap_NetIncomeLoss,2510000000.00000000,usd,1,True,True,True,True,True,True,0E-8
NXPI,0001413447,total_assets,PASS,10-K,0001413447-25-000019,2025-02-20,2024-12-31,2024,Assets,24385000000,USD,2024-12-31,2024,5080,2024,0001413447-25-000019,us-gaap_Assets,24385000000.00000000,usd,1,True,True,True,True,True,True,0E-8
NXPI,0001413447,current_assets,PASS,10-K,0001413447-25-000019,2025-02-20,2024-12-31,2024,AssetsCurrent,7305000000,USD,2024-12-31,2024,5079,2024,0001413447-25-000019,us-gaap_AssetsCurrent,7305000000.00000000,usd,1,True,True,True,True,True,True,0E-8
NXPI,0001413447,operating_cash_flow,PASS,10-K,0001413447-25-000019,2025-02-20,2024-12-31,2024,NetCashProvidedByUsedInOperatingActivities,2782000000,USD,2024-12-31,2024,5083,2024,0001413447-25-000019,us-gaap_NetCashProvidedByUsedInOperatingActivities,2782000000.00000000,usd,1,True,True,True,True,True,True,0E-8
NXPI,0001413447,revenue,PASS,10-K,0001413447-24-000013,2024-02-22,2023-12-31,2023,RevenueFromContractWithCustomerExcludingAssessedTax,13276000000,USD,2023-12-31,2023,5085,2023,0001413447-24-000013,us-gaap_RevenueFromContractWithCustomerExcludingAssessedTax,13276000000.00000000,usd,1,True,True,True,True,True,True,0E-8
NXPI,0001413447,net_income,PASS,10-K,0001413447-24-000013,2024-02-22,2023-12-31,2023,NetIncomeLoss,2797000000,USD,2023-12-31,2023,5090,2023,0001413447-24-000013,us-gaap_NetIncomeLoss,2797000000.00000000,usd,1,True,True,True,True,True,True,0E-8
NXPI,0001413447,total_assets,PASS,10-K,0001413447-24-000013,2024-02-22,2023-12-31,2023,Assets,24353000000,USD,2023-12-31,2023,5094,2023,0001413447-24-000013,us-gaap_Assets,24353000000.00000000,usd,1,True,True,True,True,True,True,0E-8
NXPI,0001413447,current_assets,PASS,10-K,0001413447-24-000013,2024-02-22,2023-12-31,2023,AssetsCurrent,7864000000,USD,2023-12-31,2023,5093,2023,0001413447-24-000013,us-gaap_AssetsCurrent,7864000000.00000000,usd,1,True,True,True,True,True,True,0E-8
NXPI,0001413447,operating_cash_flow,PASS,10-K,0001413447-24-000013,2024-02-22,2023-12-31,2023,NetCashProvidedByUsedInOperatingActivities,3513000000,USD,2023-12-31,2023,5097,2023,0001413447-24-000013,us-gaap_NetCashProvidedByUsedInOperatingActivities,3513000000.00000000,usd,1,True,True,True,True,True,True,0E-8
ON,0001097864,revenue,PASS,10-K,0001097864-26-000006,2026-02-09,2025-12-31,2025,RevenueFromContractWithCustomerExcludingAssessedTax,5995400000.0,USD,2025-12-31,2025,5219,2025,0001097864-26-000006,us-gaap_RevenueFromContractWithCustomerExcludingAssessedTax,5995400000.00000000,usd,1,True,True,True,True,True,True,0E-7
ON,0001097864,net_income,PASS,10-K,0001097864-26-000006,2026-02-09,2025-12-31,2025,NetIncomeLoss,121000000.0,USD,2025-12-31,2025,5223,2025,0001097864-26-000006,us-gaap_NetIncomeLoss,121000000.00000000,usd,1,True,True,True,True,True,True,0E-7
ON,0001097864,total_assets,PASS,10-K,0001097864-26-000006,2026-02-09,2025-12-31,2025,Assets,12524100000.0,USD,2025-12-31,2025,5227,2025,0001097864-26-000006,us-gaap_Assets,12524100000.00000000,usd,1,True,True,True,True,True,True,0E-7
ON,0001097864,current_assets,PASS,10-K,0001097864-26-000006,2026-02-09,2025-12-31,2025,AssetsCurrent,5823100000.0,USD,2025-12-31,2025,5226,2025,0001097864-26-000006,us-gaap_AssetsCurrent,5823100000.00000000,usd,1,True,True,True,True,True,True,0E-7
ON,0001097864,operating_cash_flow,PASS,10-K,0001097864-26-000006,2026-02-09,2025-12-31,2025,NetCashProvidedByUsedInOperatingActivities,1759800000.0,USD,2025-12-31,2025,5231,2025,0001097864-26-000006,us-gaap_NetCashProvidedByUsedInOperatingActivities,1759800000.00000000,usd,1,True,True,True,True,True,True,0E-7
ON,0001097864,revenue,PASS,10-K,0001628280-25-004557,2025-02-10,2024-12-31,2024,RevenueFromContractWithCustomerExcludingAssessedTax,7082300000.0,USD,2024-12-31,2024,5233,2024,0001628280-25-004557,us-gaap_RevenueFromContractWithCustomerExcludingAssessedTax,7082300000.00000000,usd,1,True,True,True,True,True,True,0E-7
ON,0001097864,net_income,PASS,10-K,0001628280-25-004557,2025-02-10,2024-12-31,2024,NetIncomeLoss,1572800000.0,USD,2024-12-31,2024,5237,2024,0001628280-25-004557,us-gaap_NetIncomeLoss,1572800000.00000000,usd,1,True,True,True,True,True,True,0E-7
ON,0001097864,total_assets,PASS,10-K,0001628280-25-004557,2025-02-10,2024-12-31,2024,Assets,14089800000.0,USD,2024-12-31,2024,5241,2024,0001628280-25-004557,us-gaap_Assets,14089800000.00000000,usd,1,True,True,True,True,True,True,0E-7
ON,0001097864,current_assets,PASS,10-K,0001628280-25-004557,2025-02-10,2024-12-31,2024,AssetsCurrent,6752000000.0,USD,2024-12-31,2024,5240,2024,0001628280-25-004557,us-gaap_AssetsCurrent,6752000000.00000000,usd,1,True,True,True,True,True,True,0E-7
ON,0001097864,operating_cash_flow,PASS,10-K,0001628280-25-004557,2025-02-10,2024-12-31,2024,NetCashProvidedByUsedInOperatingActivities,1906400000.0,USD,2024-12-31,2024,5245,2024,0001628280-25-004557,us-gaap_NetCashProvidedByUsedInOperatingActivities,1906400000.00000000,usd,1,True,True,True,True,True,True,0E-7
ON,0001097864,revenue,PASS,10-K,0001628280-24-003201,2024-02-05,2023-12-31,2023,RevenueFromContractWithCustomerExcludingAssessedTax,8253000000.0,USD,2023-12-31,2023,5247,2023,0001628280-24-003201,us-gaap_RevenueFromContractWithCustomerExcludingAssessedTax,8253000000.00000000,usd,1,True,True,True,True,True,True,0E-7
ON,0001097864,net_income,PASS,10-K,0001628280-24-003201,2024-02-05,2023-12-31,2023,NetIncomeLoss,2183700000.0,USD,2023-12-31,2023,5251,2023,0001628280-24-003201,us-gaap_NetIncomeLoss,2183700000.00000000,usd,1,True,True,True,True,True,True,0E-7
ON,0001097864,total_assets,PASS,10-K,0001628280-24-003201,2024-02-05,2023-12-31,2023,Assets,13215200000.0,USD,2023-12-31,2023,5255,2023,0001628280-24-003201,us-gaap_Assets,13215200000.00000000,usd,1,True,True,True,True,True,True,0E-7
ON,0001097864,current_assets,PASS,10-K,0001628280-24-003201,2024-02-05,2023-12-31,2023,AssetsCurrent,5912300000.0,USD,2023-12-31,2023,5254,2023,0001628280-24-003201,us-gaap_AssetsCurrent,5912300000.00000000,usd,1,True,True,True,True,True,True,0E-7
ON,0001097864,operating_cash_flow,PASS,10-K,0001628280-24-003201,2024-02-05,2023-12-31,2023,NetCashProvidedByUsedInOperatingActivities,1977500000.0,USD,2023-12-31,2023,5259,2023,0001628280-24-003201,us-gaap_NetCashProvidedByUsedInOperatingActivities,1977500000.00000000,usd,1,True,True,True,True,True,True,0E-7
QCOM,0000804328,revenue,PASS,10-K,0000804328-25-000085,2025-11-05,2025-09-28,2025,Revenues,44284000000,USD,2025-09-28,2025,1856,2025,0000804328-25-000085,us-gaap_Revenues,44284000000.00000000,usd,1,True,True,True,True,True,True,0E-8
QCOM,0000804328,net_income,PASS,10-K,0000804328-25-000085,2025-11-05,2025-09-28,2025,NetIncomeLoss,5541000000,USD,2025-09-28,2025,1860,2025,0000804328-25-000085,us-gaap_NetIncomeLoss,5541000000.00000000,usd,1,True,True,True,True,True,True,0E-8
QCOM,0000804328,total_assets,PASS,10-K,0000804328-25-000085,2025-11-05,2025-09-28,2025,Assets,50143000000,USD,2025-09-28,2025,1864,2025,0000804328-25-000085,us-gaap_Assets,50143000000.00000000,usd,1,True,True,True,True,True,True,0E-8
QCOM,0000804328,current_assets,PASS,10-K,0000804328-25-000085,2025-11-05,2025-09-28,2025,AssetsCurrent,25754000000,USD,2025-09-28,2025,1863,2025,0000804328-25-000085,us-gaap_AssetsCurrent,25754000000.00000000,usd,1,True,True,True,True,True,True,0E-8
QCOM,0000804328,operating_cash_flow,PASS,10-K,0000804328-25-000085,2025-11-05,2025-09-28,2025,NetCashProvidedByUsedInOperatingActivities,14012000000,USD,2025-09-28,2025,1868,2025,0000804328-25-000085,us-gaap_NetCashProvidedByUsedInOperatingActivities,14012000000.00000000,usd,1,True,True,True,True,True,True,0E-8
QCOM,0000804328,revenue,PASS,10-K,0000804328-24-000075,2024-11-06,2024-09-29,2024,Revenues,38962000000,USD,2024-09-29,2024,1869,2024,0000804328-24-000075,us-gaap_Revenues,38962000000.00000000,usd,1,True,True,True,True,True,True,0E-8
QCOM,0000804328,net_income,PASS,10-K,0000804328-24-000075,2024-11-06,2024-09-29,2024,NetIncomeLoss,10142000000,USD,2024-09-29,2024,1873,2024,0000804328-24-000075,us-gaap_NetIncomeLoss,10142000000.00000000,usd,1,True,True,True,True,True,True,0E-8
QCOM,0000804328,total_assets,PASS,10-K,0000804328-24-000075,2024-11-06,2024-09-29,2024,Assets,55154000000,USD,2024-09-29,2024,1877,2024,0000804328-24-000075,us-gaap_Assets,55154000000.00000000,usd,1,True,True,True,True,True,True,0E-8
QCOM,0000804328,current_assets,PASS,10-K,0000804328-24-000075,2024-11-06,2024-09-29,2024,AssetsCurrent,25231000000,USD,2024-09-29,2024,1876,2024,0000804328-24-000075,us-gaap_AssetsCurrent,25231000000.00000000,usd,1,True,True,True,True,True,True,0E-8
QCOM,0000804328,operating_cash_flow,PASS,10-K,0000804328-24-000075,2024-11-06,2024-09-29,2024,NetCashProvidedByUsedInOperatingActivities,12202000000,USD,2024-09-29,2024,1881,2024,0000804328-24-000075,us-gaap_NetCashProvidedByUsedInOperatingActivities,12202000000.00000000,usd,1,True,True,True,True,True,True,0E-8
QCOM,0000804328,revenue,PASS,10-K,0000804328-23-000055,2023-11-01,2023-09-24,2023,Revenues,35820000000,USD,2023-09-24,2023,1882,2023,0000804328-23-000055,us-gaap_Revenues,35820000000.00000000,usd,1,True,True,True,True,True,True,0E-8
QCOM,0000804328,net_income,PASS,10-K,0000804328-23-000055,2023-11-01,2023-09-24,2023,NetIncomeLoss,7232000000,USD,2023-09-24,2023,1886,2023,0000804328-23-000055,us-gaap_NetIncomeLoss,7232000000.00000000,usd,1,True,True,True,True,True,True,0E-8
QCOM,0000804328,total_assets,PASS,10-K,0000804328-23-000055,2023-11-01,2023-09-24,2023,Assets,51040000000,USD,2023-09-24,2023,1890,2023,0000804328-23-000055,us-gaap_Assets,51040000000.00000000,usd,1,True,True,True,True,True,True,0E-8
QCOM,0000804328,current_assets,PASS,10-K,0000804328-23-000055,2023-11-01,2023-09-24,2023,AssetsCurrent,22464000000,USD,2023-09-24,2023,1889,2023,0000804328-23-000055,us-gaap_AssetsCurrent,22464000000.00000000,usd,1,True,True,True,True,True,True,0E-8
QCOM,0000804328,operating_cash_flow,PASS,10-K,0000804328-23-000055,2023-11-01,2023-09-24,2023,NetCashProvidedByUsedInOperatingActivities,11299000000,USD,2023-09-24,2023,1894,2023,0000804328-23-000055,us-gaap_NetCashProvidedByUsedInOperatingActivities,11299000000.00000000,usd,1,True,True,True,True,True,True,0E-8
QRVO,0001604778,revenue,PASS,10-K,0001628280-26-032873,2026-05-08,2026-03-28,2026,Revenues,3678517000,USD,2026-03-28,2026,5516,2026,0001628280-26-032873,us-gaap_Revenues,3678517000.00000000,usd,1,True,True,True,True,True,True,0E-8
QRVO,0001604778,net_income,PASS,10-K,0001628280-26-032873,2026-05-08,2026-03-28,2026,NetIncomeLoss,338989000,USD,2026-03-28,2026,5521,2026,0001628280-26-032873,us-gaap_NetIncomeLoss,338989000.00000000,usd,1,True,True,True,True,True,True,0E-8
QRVO,0001604778,total_assets,PASS,10-K,0001628280-26-032873,2026-05-08,2026-03-28,2026,Assets,5825590000,USD,2026-03-28,2026,5525,2026,0001628280-26-032873,us-gaap_Assets,5825590000.00000000,usd,1,True,True,True,True,True,True,0E-8
QRVO,0001604778,current_assets,PASS,10-K,0001628280-26-032873,2026-05-08,2026-03-28,2026,AssetsCurrent,2306314000,USD,2026-03-28,2026,5524,2026,0001628280-26-032873,us-gaap_AssetsCurrent,2306314000.00000000,usd,1,True,True,True,True,True,True,0E-8
QRVO,0001604778,operating_cash_flow,PASS,10-K,0001628280-26-032873,2026-05-08,2026-03-28,2026,NetCashProvidedByUsedInOperatingActivities,808631000,USD,2026-03-28,2026,5529,2026,0001628280-26-032873,us-gaap_NetCashProvidedByUsedInOperatingActivities,808631000.00000000,usd,1,True,True,True,True,True,True,0E-8
QRVO,0001604778,revenue,PASS,10-K,0001604778-25-000041,2025-05-19,2025-03-29,2025,Revenues,3718971000,USD,2025-03-29,2025,5531,2025,0001604778-25-000041,us-gaap_Revenues,3718971000.00000000,usd,1,True,True,True,True,True,True,0E-8
QRVO,0001604778,net_income,PASS,10-K,0001604778-25-000041,2025-05-19,2025-03-29,2025,NetIncomeLoss,55615000,USD,2025-03-29,2025,5536,2025,0001604778-25-000041,us-gaap_NetIncomeLoss,55615000.00000000,usd,1,True,True,True,True,True,True,0E-8
QRVO,0001604778,total_assets,PASS,10-K,0001604778-25-000041,2025-05-19,2025-03-29,2025,Assets,5933131000,USD,2025-03-29,2025,5540,2025,0001604778-25-000041,us-gaap_Assets,5933131000.00000000,usd,1,True,True,True,True,True,True,0E-8
QRVO,0001604778,current_assets,PASS,10-K,0001604778-25-000041,2025-05-19,2025-03-29,2025,AssetsCurrent,2167275000,USD,2025-03-29,2025,5539,2025,0001604778-25-000041,us-gaap_AssetsCurrent,2167275000.00000000,usd,1,True,True,True,True,True,True,0E-8
QRVO,0001604778,operating_cash_flow,PASS,10-K,0001604778-25-000041,2025-05-19,2025-03-29,2025,NetCashProvidedByUsedInOperatingActivities,622202000,USD,2025-03-29,2025,5544,2025,0001604778-25-000041,us-gaap_NetCashProvidedByUsedInOperatingActivities,622202000.00000000,usd,1,True,True,True,True,True,True,0E-8
QRVO,0001604778,revenue,PASS,10-K,0001604778-24-000036,2024-05-20,2024-03-30,2024,Revenues,3769506000,USD,2024-03-30,2024,5546,2024,0001604778-24-000036,us-gaap_Revenues,3769506000.00000000,usd,1,True,True,True,True,True,True,0E-8
QRVO,0001604778,net_income,PASS,10-K,0001604778-24-000036,2024-05-20,2024-03-30,2024,NetIncomeLoss,-70322000,USD,2024-03-30,2024,5551,2024,0001604778-24-000036,us-gaap_NetIncomeLoss,-70322000.00000000,usd,1,True,True,True,True,True,True,0E-8
QRVO,0001604778,total_assets,PASS,10-K,0001604778-24-000036,2024-05-20,2024-03-30,2024,Assets,6554635000,USD,2024-03-30,2024,5555,2024,0001604778-24-000036,us-gaap_Assets,6554635000.00000000,usd,1,True,True,True,True,True,True,0E-8
QRVO,0001604778,current_assets,PASS,10-K,0001604778-24-000036,2024-05-20,2024-03-30,2024,AssetsCurrent,2446034000,USD,2024-03-30,2024,5554,2024,0001604778-24-000036,us-gaap_AssetsCurrent,2446034000.00000000,usd,1,True,True,True,True,True,True,0E-8
QRVO,0001604778,operating_cash_flow,PASS,10-K,0001604778-24-000036,2024-05-20,2024-03-30,2024,NetCashProvidedByUsedInOperatingActivities,833189000,USD,2024-03-30,2024,5559,2024,0001604778-24-000036,us-gaap_NetCashProvidedByUsedInOperatingActivities,833189000.00000000,usd,1,True,True,True,True,True,True,0E-8
RMBS,0000917273,revenue,MISSING_IN_DB,10-K,0001193125-26-057101,2026-02-18,2025-12-31,2025,RevenueFromContractWithCustomerIncludingAssessedTax,707630000,USD,2025-12-31,2025,,,,,,,0,False,False,False,False,False,True,
RMBS,0000917273,net_income,PASS,10-K,0001193125-26-057101,2026-02-18,2025-12-31,2025,NetIncomeLoss,230455000,USD,2025-12-31,2025,2003,2025,0001193125-26-057101,us-gaap_NetIncomeLoss,230455000.00000000,u_usd,1,True,True,True,True,True,True,0E-8
RMBS,0000917273,total_assets,PASS,10-K,0001193125-26-057101,2026-02-18,2025-12-31,2025,Assets,1529545000,USD,2025-12-31,2025,2006,2025,0001193125-26-057101,us-gaap_Assets,1529545000.00000000,u_usd,1,True,True,True,True,True,True,0E-8
RMBS,0000917273,current_assets,PASS,10-K,0001193125-26-057101,2026-02-18,2025-12-31,2025,AssetsCurrent,988816000,USD,2025-12-31,2025,2005,2025,0001193125-26-057101,us-gaap_AssetsCurrent,988816000.00000000,u_usd,1,True,True,True,True,True,True,0E-8
RMBS,0000917273,operating_cash_flow,PASS,10-K,0001193125-26-057101,2026-02-18,2025-12-31,2025,NetCashProvidedByUsedInOperatingActivities,360019000,USD,2025-12-31,2025,2010,2025,0001193125-26-057101,us-gaap_NetCashProvidedByUsedInOperatingActivities,360019000.00000000,u_usd,1,True,True,True,True,True,True,0E-8
RMBS,0000917273,revenue,MISSING_IN_DB,10-K,0000917273-25-000021,2025-02-24,2024-12-31,2024,RevenueFromContractWithCustomerIncludingAssessedTax,556624000,USD,2024-12-31,2024,,,,,,,0,False,False,False,False,False,True,
RMBS,0000917273,net_income,PASS,10-K,0000917273-25-000021,2025-02-24,2024-12-31,2024,NetIncomeLoss,179821000,USD,2024-12-31,2024,2016,2024,0000917273-25-000021,us-gaap_NetIncomeLoss,179821000.00000000,usd,1,True,True,True,True,True,True,0E-8
RMBS,0000917273,total_assets,PASS,10-K,0000917273-25-000021,2025-02-24,2024-12-31,2024,Assets,1343136000,USD,2024-12-31,2024,2018,2024,0000917273-25-000021,us-gaap_Assets,1343136000.00000000,usd,1,True,True,True,True,True,True,0E-8
RMBS,0000917273,current_assets,PASS,10-K,0000917273-25-000021,2025-02-24,2024-12-31,2024,AssetsCurrent,690257000,USD,2024-12-31,2024,2017,2024,0000917273-25-000021,us-gaap_AssetsCurrent,690257000.00000000,usd,1,True,True,True,True,True,True,0E-8
RMBS,0000917273,operating_cash_flow,PASS,10-K,0000917273-25-000021,2025-02-24,2024-12-31,2024,NetCashProvidedByUsedInOperatingActivities,230599000,USD,2024-12-31,2024,2022,2024,0000917273-25-000021,us-gaap_NetCashProvidedByUsedInOperatingActivities,230599000.00000000,usd,1,True,True,True,True,True,True,0E-8
RMBS,0000917273,revenue,MISSING_IN_DB,10-K,0000917273-24-000028,2024-02-23,2023-12-31,2023,RevenueFromContractWithCustomerIncludingAssessedTax,461117000,USD,2023-12-31,2023,,,,,,,0,False,False,False,False,False,True,
RMBS,0000917273,net_income,PASS,10-K,0000917273-24-000028,2024-02-23,2023-12-31,2023,NetIncomeLoss,333904000,USD,2023-12-31,2023,2028,2023,0000917273-24-000028,us-gaap_NetIncomeLoss,333904000.00000000,usd,1,True,True,True,True,True,True,0E-8
RMBS,0000917273,total_assets,PASS,10-K,0000917273-24-000028,2024-02-23,2023-12-31,2023,Assets,1258227000,USD,2023-12-31,2023,2030,2023,0000917273-24-000028,us-gaap_Assets,1258227000.00000000,usd,1,True,True,True,True,True,True,0E-8
RMBS,0000917273,current_assets,PASS,10-K,0000917273-24-000028,2024-02-23,2023-12-31,2023,AssetsCurrent,630645000,USD,2023-12-31,2023,2029,2023,0000917273-24-000028,us-gaap_AssetsCurrent,630645000.00000000,usd,1,True,True,True,True,True,True,0E-8
RMBS,0000917273,operating_cash_flow,PASS,10-K,0000917273-24-000028,2024-02-23,2023-12-31,2023,NetCashProvidedByUsedInOperatingActivities,195786000,USD,2023-12-31,2023,2034,2023,0000917273-24-000028,us-gaap_NetCashProvidedByUsedInOperatingActivities,195786000.00000000,usd,1,True,True,True,True,True,True,0E-8
SWKS,0000004127,revenue,PASS,10-K,0000004127-25-000085,2025-11-07,2025-10-03,2025,Revenues,4086900000.0,USD,2025-10-03,2025,5822,2025,0000004127-25-000085,us-gaap_RevenueFromContractWithCustomerExcludingAssessedTax,4086900000.00000000,usd,1,True,True,True,True,True,True,0E-7
SWKS,0000004127,net_income,PASS,10-K,0000004127-25-000085,2025-11-07,2025-10-03,2025,NetIncomeLoss,477100000.0,USD,2025-10-03,2025,5827,2025,0000004127-25-000085,us-gaap_NetIncomeLoss,477100000.00000000,usd,1,True,True,True,True,True,True,0E-7
SWKS,0000004127,total_assets,PASS,10-K,0000004127-25-000085,2025-11-07,2025-10-03,2025,Assets,7917000000.0,USD,2025-10-03,2025,5831,2025,0000004127-25-000085,us-gaap_Assets,7917000000.00000000,usd,1,True,True,True,True,True,True,0E-7
SWKS,0000004127,current_assets,PASS,10-K,0000004127-25-000085,2025-11-07,2025-10-03,2025,AssetsCurrent,3077000000.0,USD,2025-10-03,2025,5830,2025,0000004127-25-000085,us-gaap_AssetsCurrent,3077000000.00000000,usd,1,True,True,True,True,True,True,0E-7
SWKS,0000004127,operating_cash_flow,PASS,10-K,0000004127-25-000085,2025-11-07,2025-10-03,2025,NetCashProvidedByUsedInOperatingActivities,1300800000.0,USD,2025-10-03,2025,5835,2025,0000004127-25-000085,us-gaap_NetCashProvidedByUsedInOperatingActivities,1300800000.00000000,usd,1,True,True,True,True,True,True,0E-7
SWKS,0000004127,revenue,PASS,10-K,0000004127-24-000131,2024-11-15,2024-09-27,2024,Revenues,4178000000.0,USD,2024-09-27,2024,5837,2024,0000004127-24-000131,us-gaap_RevenueFromContractWithCustomerExcludingAssessedTax,4178000000.00000000,usd,1,True,True,True,True,True,True,0E-7
SWKS,0000004127,net_income,PASS,10-K,0000004127-24-000131,2024-11-15,2024-09-27,2024,NetIncomeLoss,596000000.0,USD,2024-09-27,2024,5842,2024,0000004127-24-000131,us-gaap_NetIncomeLoss,596000000.00000000,usd,1,True,True,True,True,True,True,0E-7
SWKS,0000004127,total_assets,PASS,10-K,0000004127-24-000131,2024-11-15,2024-09-27,2024,Assets,8283300000.0,USD,2024-09-27,2024,5846,2024,0000004127-24-000131,us-gaap_Assets,8283300000.00000000,usd,1,True,True,True,True,True,True,0E-7
SWKS,0000004127,current_assets,PASS,10-K,0000004127-24-000131,2024-11-15,2024-09-27,2024,AssetsCurrent,3341000000.0,USD,2024-09-27,2024,5845,2024,0000004127-24-000131,us-gaap_AssetsCurrent,3341000000.00000000,usd,1,True,True,True,True,True,True,0E-7
SWKS,0000004127,operating_cash_flow,PASS,10-K,0000004127-24-000131,2024-11-15,2024-09-27,2024,NetCashProvidedByUsedInOperatingActivities,1824700000.0,USD,2024-09-27,2024,5850,2024,0000004127-24-000131,us-gaap_NetCashProvidedByUsedInOperatingActivities,1824700000.00000000,usd,1,True,True,True,True,True,True,0E-7
SWKS,0000004127,revenue,PASS,10-K,0000004127-23-000030,2023-11-17,2023-09-29,2023,RevenueFromContractWithCustomerExcludingAssessedTax,4772400000.0,USD,2023-09-29,2023,5852,2023,0000004127-23-000030,us-gaap_RevenueFromContractWithCustomerExcludingAssessedTax,4772400000.00000000,usd,1,True,True,True,True,True,True,0E-7
SWKS,0000004127,net_income,PASS,10-K,0000004127-23-000030,2023-11-17,2023-09-29,2023,NetIncomeLoss,982800000.0,USD,2023-09-29,2023,5857,2023,0000004127-23-000030,us-gaap_NetIncomeLoss,982800000.00000000,usd,1,True,True,True,True,True,True,0E-7
SWKS,0000004127,total_assets,PASS,10-K,0000004127-23-000030,2023-11-17,2023-09-29,2023,Assets,8426700000.0,USD,2023-09-29,2023,5861,2023,0000004127-23-000030,us-gaap_Assets,8426700000.00000000,usd,1,True,True,True,True,True,True,0E-7
SWKS,0000004127,current_assets,PASS,10-K,0000004127-23-000030,2023-11-17,2023-09-29,2023,AssetsCurrent,3179500000.0,USD,2023-09-29,2023,5860,2023,0000004127-23-000030,us-gaap_AssetsCurrent,3179500000.00000000,usd,1,True,True,True,True,True,True,0E-7
SWKS,0000004127,operating_cash_flow,PASS,10-K,0000004127-23-000030,2023-11-17,2023-09-29,2023,NetCashProvidedByUsedInOperatingActivities,1856400000.0,USD,2023-09-29,2023,5865,2023,0000004127-23-000030,us-gaap_NetCashProvidedByUsedInOperatingActivities,1856400000.00000000,usd,1,True,True,True,True,True,True,0E-7
TER,0000097210,revenue,PASS,10-K,0001193125-26-059002,2026-02-19,2025-12-31,2025,Revenues,3190024000,USD,2025-12-31,2025,5987,2025,0001193125-26-059002,us-gaap_Revenues,3190024000.00000000,u_usd,1,True,True,True,True,True,True,0E-8
TER,0000097210,net_income,PASS,10-K,0001193125-26-059002,2026-02-19,2025-12-31,2025,NetIncomeLoss,554047000,USD,2025-12-31,2025,5991,2025,0001193125-26-059002,us-gaap_NetIncomeLoss,554047000.00000000,u_usd,1,True,True,True,True,True,True,0E-8
TER,0000097210,total_assets,PASS,10-K,0001193125-26-059002,2026-02-19,2025-12-31,2025,Assets,4183599000,USD,2025-12-31,2025,5995,2025,0001193125-26-059002,us-gaap_Assets,4183599000.00000000,u_usd,1,True,True,True,True,True,True,0E-8
TER,0000097210,current_assets,PASS,10-K,0001193125-26-059002,2026-02-19,2025-12-31,2025,AssetsCurrent,1949300000,USD,2025-12-31,2025,5994,2025,0001193125-26-059002,us-gaap_AssetsCurrent,1949300000.00000000,u_usd,1,True,True,True,True,True,True,0E-8
TER,0000097210,operating_cash_flow,PASS,10-K,0001193125-26-059002,2026-02-19,2025-12-31,2025,NetCashProvidedByUsedInOperatingActivities,674415000,USD,2025-12-31,2025,5999,2025,0001193125-26-059002,us-gaap_NetCashProvidedByUsedInOperatingActivities,674415000.00000000,u_usd,1,True,True,True,True,True,True,0E-8
TER,0000097210,revenue,PASS,10-K,0000950170-25-023784,2025-02-20,2024-12-31,2024,Revenues,2819880000,USD,2024-12-31,2024,6001,2024,0000950170-25-023784,us-gaap_Revenues,2819880000.00000000,u_usd,1,True,True,True,True,True,True,0E-8
TER,0000097210,net_income,PASS,10-K,0000950170-25-023784,2025-02-20,2024-12-31,2024,NetIncomeLoss,542372000,USD,2024-12-31,2024,6005,2024,0000950170-25-023784,us-gaap_NetIncomeLoss,542372000.00000000,u_usd,1,True,True,True,True,True,True,0E-8
TER,0000097210,total_assets,PASS,10-K,0000950170-25-023784,2025-02-20,2024-12-31,2024,Assets,3708714000,USD,2024-12-31,2024,6009,2024,0000950170-25-023784,us-gaap_Assets,3708714000.00000000,u_usd,1,True,True,True,True,True,True,0E-8
TER,0000097210,current_assets,PASS,10-K,0000950170-25-023784,2025-02-20,2024-12-31,2024,AssetsCurrent,1816397000,USD,2024-12-31,2024,6008,2024,0000950170-25-023784,us-gaap_AssetsCurrent,1816397000.00000000,u_usd,1,True,True,True,True,True,True,0E-8
TER,0000097210,operating_cash_flow,PASS,10-K,0000950170-25-023784,2025-02-20,2024-12-31,2024,NetCashProvidedByUsedInOperatingActivities,672176000,USD,2024-12-31,2024,6013,2024,0000950170-25-023784,us-gaap_NetCashProvidedByUsedInOperatingActivities,672176000.00000000,u_usd,1,True,True,True,True,True,True,0E-8
TER,0000097210,revenue,PASS,10-K,0001193125-23-044711,2023-02-22,2022-12-31,2022,Revenues,3155045000,USD,2022-12-31,2022,6015,2022,0001193125-23-044711,us-gaap_Revenues,3155045000.00000000,unit_usd,1,True,True,True,True,True,True,0E-8
TER,0000097210,net_income,PASS,10-K,0001193125-23-044711,2023-02-22,2022-12-31,2022,NetIncomeLoss,715501000,USD,2022-12-31,2022,6019,2022,0001193125-23-044711,us-gaap_NetIncomeLoss,715501000.00000000,unit_usd,1,True,True,True,True,True,True,0E-8
TER,0000097210,total_assets,PASS,10-K,0001193125-23-044711,2023-02-22,2022-12-31,2022,Assets,3501252000,USD,2022-12-31,2022,6023,2022,0001193125-23-044711,us-gaap_Assets,3501252000.00000000,unit_usd,1,True,True,True,True,True,True,0E-8
TER,0000097210,current_assets,PASS,10-K,0001193125-23-044711,2023-02-22,2022-12-31,2022,AssetsCurrent,2257915000,USD,2022-12-31,2022,6022,2022,0001193125-23-044711,us-gaap_AssetsCurrent,2257915000.00000000,unit_usd,1,True,True,True,True,True,True,0E-8
TER,0000097210,operating_cash_flow,PASS,10-K,0001193125-23-044711,2023-02-22,2022-12-31,2022,NetCashProvidedByUsedInOperatingActivities,577923000,USD,2022-12-31,2022,6027,2022,0001193125-23-044711,us-gaap_NetCashProvidedByUsedInOperatingActivities,577923000.00000000,unit_usd,1,True,True,True,True,True,True,0E-8
TXN,0000097476,revenue,PASS,10-K,0000097476-26-000059,2026-02-06,2025-12-31,2025,RevenueFromContractWithCustomerExcludingAssessedTax,17682000000,USD,2025-12-31,2025,2140,2025,0000097476-26-000059,us-gaap_RevenueFromContractWithCustomerExcludingAssessedTax,17682000000.00000000,usd,1,True,True,True,True,True,True,0E-8
TXN,0000097476,net_income,PASS,10-K,0000097476-26-000059,2026-02-06,2025-12-31,2025,NetIncomeLoss,5001000000,USD,2025-12-31,2025,2145,2025,0000097476-26-000059,us-gaap_NetIncomeLoss,5001000000.00000000,usd,1,True,True,True,True,True,True,0E-8
TXN,0000097476,total_assets,PASS,10-K,0000097476-26-000059,2026-02-06,2025-12-31,2025,Assets,34585000000,USD,2025-12-31,2025,2149,2025,0000097476-26-000059,us-gaap_Assets,34585000000.00000000,usd,1,True,True,True,True,True,True,0E-8
TXN,0000097476,current_assets,PASS,10-K,0000097476-26-000059,2026-02-06,2025-12-31,2025,AssetsCurrent,13750000000,USD,2025-12-31,2025,2148,2025,0000097476-26-000059,us-gaap_AssetsCurrent,13750000000.00000000,usd,1,True,True,True,True,True,True,0E-8
TXN,0000097476,operating_cash_flow,PASS,10-K,0000097476-26-000059,2026-02-06,2025-12-31,2025,NetCashProvidedByUsedInOperatingActivities,7153000000,USD,2025-12-31,2025,2153,2025,0000097476-26-000059,us-gaap_NetCashProvidedByUsedInOperatingActivities,7153000000.00000000,usd,1,True,True,True,True,True,True,0E-8
TXN,0000097476,revenue,PASS,10-K,0000097476-25-000007,2025-02-14,2024-12-31,2024,RevenueFromContractWithCustomerExcludingAssessedTax,15641000000,USD,2024-12-31,2024,2155,2024,0000097476-25-000007,us-gaap_RevenueFromContractWithCustomerExcludingAssessedTax,15641000000.00000000,usd,1,True,True,True,True,True,True,0E-8
TXN,0000097476,net_income,PASS,10-K,0000097476-25-000007,2025-02-14,2024-12-31,2024,NetIncomeLoss,4799000000,USD,2024-12-31,2024,2160,2024,0000097476-25-000007,us-gaap_NetIncomeLoss,4799000000.00000000,usd,1,True,True,True,True,True,True,0E-8
TXN,0000097476,total_assets,PASS,10-K,0000097476-25-000007,2025-02-14,2024-12-31,2024,Assets,35509000000,USD,2024-12-31,2024,2164,2024,0000097476-25-000007,us-gaap_Assets,35509000000.00000000,usd,1,True,True,True,True,True,True,0E-8
TXN,0000097476,current_assets,PASS,10-K,0000097476-25-000007,2025-02-14,2024-12-31,2024,AssetsCurrent,15026000000,USD,2024-12-31,2024,2163,2024,0000097476-25-000007,us-gaap_AssetsCurrent,15026000000.00000000,usd,1,True,True,True,True,True,True,0E-8
TXN,0000097476,operating_cash_flow,PASS,10-K,0000097476-25-000007,2025-02-14,2024-12-31,2024,NetCashProvidedByUsedInOperatingActivities,6318000000,USD,2024-12-31,2024,2168,2024,0000097476-25-000007,us-gaap_NetCashProvidedByUsedInOperatingActivities,6318000000.00000000,usd,1,True,True,True,True,True,True,0E-8
TXN,0000097476,revenue,PASS,10-K,0000097476-24-000007,2024-02-02,2023-12-31,2023,RevenueFromContractWithCustomerExcludingAssessedTax,17519000000,USD,2023-12-31,2023,2170,2023,0000097476-24-000007,us-gaap_RevenueFromContractWithCustomerExcludingAssessedTax,17519000000.00000000,usd,1,True,True,True,True,True,True,0E-8
TXN,0000097476,net_income,PASS,10-K,0000097476-24-000007,2024-02-02,2023-12-31,2023,NetIncomeLoss,6510000000,USD,2023-12-31,2023,2175,2023,0000097476-24-000007,us-gaap_NetIncomeLoss,6510000000.00000000,usd,1,True,True,True,True,True,True,0E-8
TXN,0000097476,total_assets,PASS,10-K,0000097476-24-000007,2024-02-02,2023-12-31,2023,Assets,32348000000,USD,2023-12-31,2023,2179,2023,0000097476-24-000007,us-gaap_Assets,32348000000.00000000,usd,1,True,True,True,True,True,True,0E-8
TXN,0000097476,current_assets,PASS,10-K,0000097476-24-000007,2024-02-02,2023-12-31,2023,AssetsCurrent,15122000000,USD,2023-12-31,2023,2178,2023,0000097476-24-000007,us-gaap_AssetsCurrent,15122000000.00000000,usd,1,True,True,True,True,True,True,0E-8
TXN,0000097476,operating_cash_flow,PASS,10-K,0000097476-24-000007,2024-02-02,2023-12-31,2023,NetCashProvidedByUsedInOperatingActivities,6420000000,USD,2023-12-31,2023,2183,2023,0000097476-24-000007,us-gaap_NetCashProvidedByUsedInOperatingActivities,6420000000.00000000,usd,1,True,True,True,True,True,True,0E-8
